#MASS,A,PLANETDISCMETH
#mjupiter,au,
22.6261,1.45528,RV
21.8549,0.0573788,Transit
20.3246,1.17509,RV
19.8471,2.5395,RV
18.3282,3.17098,RV
18.1805,0.155007,Transit
17.3857,2.85281,RV
16.8244,0.811776,RV
16.1284,1.17872,RV
15.2138,0.0756944,RV
14.2696,1.22574,RV
14.0573,2.09115,RV
13.8403,1.16847,RV
13.2921,1.08727,RV
13.2849,0.0477112,Transit
13.1868,2.3791,RV
12.2603,3.6002,RV
11.8793,2.05522,Transit
11.8883,1.04992,RV
11.6809,2.33328,RV
11.6351,0.362932,RV
11.1883,1.60044,RV
11.0873,1.53498,RV
11.0869,4.37827,RV
11.0076,1.11751,RV
11,9.04,Imaging
10.4511,6.21822,RV
10.3882,0.0466557,Transit
10.3722,1.29554,RV
10.298,2.58655,RV
10.2006,0.0201401,Transit
10.0754,2.34618,RV
10.088,3.34651,RV
10.0105,1.6471,RV
10,1.39588,RV
10.014,2.099,RV
9.98479,0.0807413,Transit
9.88561,1.68103,RV
9.87792,0.99475,RV
9.7848,0.494507,RV
9.68782,3.80821,RV
9.5,26.7553,Imaging
9.5,42.4842,Imaging
9.4752,1.50087,RV
9.45161,1.29459,RV
9.31534,1.31029,RV
9.26951,3.26519,RV
9.12785,1.1241,RV
8.87066,0.0679088,Transit
8.57451,2.81079,RV
8.40643,0.0806879,Transit
8.24664,3.8997,RV
8.2,0.812352,RV
8.18778,0.902604,RV
7.81295,3.36797,RV
7.8,1.67364,RV
7.77836,2.40085,RV
7.74272,2.77219,RV
7.69745,0.29385,RV
7.69464,0.0269122,Transit
7.69234,0.0367693,Transit
7.67663,1.93647,RV
7.63003,1.33658,RV
7.46144,0.483601,RV
7.40012,2.063,RV
7.3,1.68144,Transit Timing Variations
7.28868,1.33364,RV
7.28953,0.03616,Transit
7.29127,0.344904,RV
7.13242,0.876999,RV
7.12332,1.25186,RV
7.03702,0.724323,Transit
7,14.5253,Imaging
7,67.4293,Imaging
6.95913,2.61147,RV
6.91979,1.08598,RV
6.90191,1.45701,RV
6.87654,1.9372,RV
6.84182,1.97489,RV
6.62362,0.746644,RV
6.63106,1.6555,RV
6.62738,2.84117,RV
6.59355,1.92274,RV
6.55071,1.08513,RV
6.515,0.0342279,Transit
6.52644,1.36191,RV
6.47072,0.937147,RV
6.44514,1.2589,RV
6.28868,1.61027,RV
6.23505,2.13177,RV
6.1,1.4219,RV
6.08461,0.028034,Transit
6.04937,1.23696,RV
6.02254,2.42516,RV
6.01,1.24152,RV
6.00119,2.80589,RV
5.95,0.0480039,RV
5.94193,2.60478,RV
5.92499,2.19755,RV
5.82191,0.0427555,Transit
5.80266,0.528741,RV
5.79721,1.02341,RV
5.78201,0.450064,RV
5.6,6.45931,RV
5.60495,1.98227,RV
5.48299,2.77823,RV
5.41,0.301404,Transit
5.40146,0.214338,RV
5.31949,1.91887,RV
5.22845,0.636168,RV
5.21486,2.93362,RV
5.13,2.03386,RV
5.12319,1.33884,RV
5.0362,1.2802,RV
5.01069,0.520622,RV
4.96206,1.30798,RV
4.9174,0.678014,RV
4.91277,0.228745,RV
4.83617,0.0515037,Transit
4.7347,2.60488,RV
4.68383,0.823151,RV
4.65551,2.12634,RV
4.57442,0.0413279,Transit
4.58986,2.17458,RV
4.59415,5.15426,RV
4.53249,1.88529,RV
4.46762,2.93163,RV
4.4772,4.26892,RV
4.47808,1.80892,RV
4.44725,2.53363,RV
4.43286,1.80757,RV
4.39876,2.26097,RV
4.31985,0.0412815,Transit
4.31177,0.0378387,Transit
4.31096,2.28088,RV
4.30224,1.7133,RV
4.24,0.0901485,Transit
4.2025,0.0413275,Transit
4.11582,2.52452,RV
4.10898,0.512595,RV
4.09607,3.94973,RV
4.07833,0.0494951,Transit
4.06407,3.60184,RV
4.02224,0.846038,RV
4.02189,4.92406,RV
4.00701,1.42112,RV
4.0077,0.602232,RV
4.00104,0.114217,RV
3.99885,0.0466301,Transit
3.94504,1.14933,RV
3.89054,0.447343,RV
3.87441,0.0692271,RV
3.8,3.54863,Microlensing
3.77395,0.388877,RV
3.73203,1.16693,RV
3.61213,2.71944,RV
3.57989,0.136688,RV
3.57445,1.49006,RV
3.56392,0.951142,RV
3.54451,5.47467,RV
3.50295,3.52689,RV
3.50088,3.07131,RV
3.4773,2.00715,RV
3.48652,0.0295483,Transit
3.47646,4.29488,RV
3.45362,0.0390315,Transit
3.42866,1.41366,RV
3.42269,1.98497,RV
3.36552,3.81754,RV
3.3748,0.494668,RV
3.34549,0.595162,RV
3.334,0.0677467,Transit
3.30275,0.163197,RV
3.28703,1.91985,RV
3.27527,0.0280884,Transit
3.24848,1.74533,RV
3.23143,0.0449294,Transit
3.22241,0.0542977,Transit
3.19144,0.0384536,Transit
3.18484,0.740087,RV
3.1741,4.75375,RV
3.14944,1.777,RV
3.11535,1.25015,RV
3.07016,0.688457,RV
3.09805,1.08217,RV
3.0853,0.0483417,Transit
3.06805,1.3728,RV
3.06257,2.19849,RV
2.97516,0.950245,Transit
2.98416,0.297295,RV
2.97219,0.762504,RV
2.95364,0.0854177,Transit
2.9439,2.54171,RV
2.9072,1.27206,RV
2.89937,0.543924,RV
2.88946,0.813279,RV
2.8638,1.97816,RV
2.8556,0.646509,RV
2.86,0.114265,Transit
2.8434,2.51056,RV
2.83,1.03346,RV
2.82,0.0678214,Transit
2.80946,1.13113,RV
2.80174,0.283337,RV
2.78,0.0716458,Transit
2.76572,1.45325,RV
2.75822,1.75739,RV
2.7597,1.97678,RV
2.75536,0.105463,Transit
2.74962,3.14259,RV
2.74218,0.0204134,Transit
2.74014,0.0503097,Transit
2.74209,1.28031,RV
2.71808,1.16272,RV
2.70901,0.0758454,Transit
2.70016,1.16471,RV
2.6885,1.30299,RV
2.6907,0.811148,RV
2.68652,0.0468614,Transit
2.68597,0.706259,RV
2.61546,5.33414,RV
2.60901,2.54268,RV
2.6,1.76808,Microlensing
2.57917,5.35635,RV
2.54762,3.43052,RV
2.54589,2.10149,RV
2.51504,1.18906,RV
2.5485,1.28444,RV
2.5,0.697981,RV
2.5,0.370106,Transit
2.49717,0.241901,RV
2.48409,0.0215077,Transit
2.47943,0.0267923,Transit
2.45698,2.28031,RV
2.46001,0.0480499,Transit
2.46312,1.57999,RV
2.45451,0.0254851,Transit
2.4433,1.59509,RV
2.43513,0.0323373,Transit
2.43024,2.06698,RV
2.43233,1.80264,RV
2.4209,1.02831,RV
2.36402,1.17816,RV
2.4,1.12966,RV
2.37727,1.19218,RV
2.37911,0.0479738,Transit
2.36493,4.60219,RV
2.34813,0.0440549,Transit
2.3408,0.838172,RV
2.33098,2.49004,RV
2.31346,0.0546221,Transit
2.3,4.43476,RV
2.29191,1.12292,RV
2.2924,2.41789,RV
2.28382,4.6069,RV
2.26929,0.0262601,Transit
2.24603,1.35778,RV
2.24797,1.2912,RV
2.242,0.0463361,Transit
2.24099,6.15467,Timing
2.24115,2.1121,RV
2.23603,0.0606258,Transit
2.20888,2.18639,RV
2.18029,0.0423182,Transit
2.20004,2.29553,RV
2.17684,0.0806644,Transit
2.17173,1.13327,RV
2.16904,0.0611921,Transit
2.16817,2.48556,RV
2.16279,0.0271372,Transit
2.15137,0.0414094,Transit
2.13797,0.080153,Transit
2.13623,0.0702997,RV
2.13331,0.0410282,Transit
2.12711,0.238855,RV
2.12353,1.32398,RV
2.11663,0.0506416,Transit
2.11299,0.358346,RV
2.10232,0.0244921,Transit
2.1,2.33538,RV
2.09606,0.0231971,Transit
2.08215,1.16537,RV
2.05491,0.0514489,Transit
2.04683,0.92376,RV
2.03,0.0457351,Transit
2.02633,5.13864,RV
2.01184,0.0314948,Transit
2.01385,0.300013,Transit
2.00901,0.947319,RV
1.98574,0.0538776,Transit
2.01,0.0278077,Transit
1.9935,1.29111,RV
1.99403,2.06593,RV
1.98809,1.31895,RV
1.98164,0.0176159,Transit
1.97931,0.723051,RV
1.97113,1.53703,RV
1.9747,2.71619,RV
1.96509,1.76349,RV
1.96,1.59543,RV
1.95154,0.0964692,Transit
1.9469,0.208098,RV
1.94873,1.64347,RV
1.9487,2.91927,RV
1.9422,4.83146,RV
1.925,0.089107,Transit
1.91855,0.830445,RV
1.91,0.0227178,Transit
1.90944,3.18072,RV
1.9075,1.64869,RV
1.9,0.804743,RV
1.8997,1.31659,RV
1.90043,0.0243585,Transit
1.9,1.36607,RV
1.90296,2.07238,RV
1.88907,5.34057,RV
1.89038,2.77628,RV
1.88059,0.0551807,Transit
1.88274,0.531449,RV
1.88123,5.14931,RV
1.86507,0.0444708,Transit
1.86902,0.0371348,RV
1.86351,1.85343,RV
1.85721,2.04004,RV
1.86459,1.17218,RV
1.84394,0.0320419,RV
1.83564,1.4118,RV
1.83923,0.0238229,Transit
1.83614,1.94413,RV
1.81548,0.65375,RV
1.8189,3.73753,RV
1.80603,0.757141,RV
1.79992,0.0692771,RV
1.7916,0.037964,Transit
1.79425,1.49788,RV
1.79148,3.26609,RV
1.79362,0.0446312,Transit
1.77912,0.53813,RV
1.7799,0.0221125,Transit
1.77609,0.0142363,Transit
1.7781,0.0245157,Transit
1.77342,0.291535,RV
1.76867,2.23776,RV
1.76545,1.6698,RV
1.76833,0.0285236,Transit
1.75571,3.57648,RV
1.75922,0.0745473,Transit
1.75921,0.0240531,Transit
1.74615,1.21472,RV
1.74552,1.5273,RV
1.74473,3.87172,RV
1.73529,0.0390586,Transit
1.72959,0.0437742,Transit
1.71662,1.1296,RV
1.70083,1.07698,RV
1.69892,0.0435463,Transit
1.68512,1.1851,RV
1.66194,1.06061,RV
1.64829,1.27266,RV
1.63997,1.66027,RV
1.63682,1.29371,RV
1.62423,0.0271923,Transit
1.62021,1.22755,RV
1.61483,2.30768,RV
1.60642,3.94498,RV
1.6121,1.66108,RV
1.60254,0.05524,Transit
1.58936,0.742283,RV
1.57419,4.24519,RV
1.56499,1.13482,RV
1.56347,0.807929,RV
1.56395,1.38103,RV
1.5591,3.55427,RV
1.54536,0.0334131,Transit
1.53512,3.97285,RV
1.52064,0.0549707,Transit
1.51728,1.9793,RV
1.51716,2.24032,RV
1.52093,0.490206,RV
1.51929,0.775866,RV
1.51375,1.48938,RV
1.49872,0.0655498,Transit
1.49595,0.0346186,RV
1.48708,0.894939,RV
1.49247,2.62431,RV
1.48791,0.0198682,Transit
1.4868,0.0316042,Transit
1.47736,0.826048,RV
1.48058,0.608531,RV
1.47655,0.0339907,Transit
1.47557,1.80168,RV
1.47244,0.0294714,Transit
1.46957,1.19018,RV
1.47372,1.98519,RV
1.46164,0.0412729,Transit
1.4572,1.08649,RV
1.45,0.381935,Transit
1.44975,4.94302,RV
1.44377,0.0417621,Transit
1.42633,0.887919,RV
1.42058,1.44284,RV
1.41789,0.458562,RV
1.41137,1.09038,RV
1.40771,0.036575,Transit
1.40112,0.0750282,RV
1.39736,1.05277,RV
1.40289,2.13423,RV
1.40487,2.31864,RV
1.39,0.0238308,Transit
1.37669,1.19471,RV
1.37181,0.0453232,Transit
1.371,0.47557,RV
1.37,0.0769686,Transit
1.3637,1.72685,RV
1.36063,0.0225329,Transit
1.34915,0.0229834,Transit
1.34632,3.13296,RV
1.34299,0.0366898,Transit
1.34144,0.130891,Transit
1.33442,0.689382,RV
1.32681,1.30567,RV
1.33254,2.34083,RV
1.33352,0.682908,RV
1.32811,0.0530508,RV
1.323,0.032693,Transit
1.32,0.0330527,Transit
1.31967,1.13872,RV
1.31099,0.051069,Transit
1.30747,0.0488209,Transit
1.30955,0.0555347,Transit
1.3131,2.33982,RV
1.3057,1.04292,RV
1.30477,1.58126,RV
1.29336,0.0449613,Transit
1.2902,1.03527,RV
1.28386,0.0300684,Transit
1.28,0.0441609,Transit
1.27518,0.545404,RV
1.27275,1.13105,RV
1.272,0.0291939,Transit
1.27137,0.0265195,Transit
1.2654,1.11234,RV
1.27,0.0432987,Transit
1.26045,0.953099,RV
1.26,0.0228946,Transit
1.25,0.0448251,Transit
1.23683,1.36067,Transit
1.23432,0.101359,Transit
1.22979,0.0319991,Transit
1.23035,0.0363001,Transit
1.22311,0.0230406,Transit
1.2223,0.328688,RV
1.21636,1.37427,RV
1.21302,0.0379591,RV
1.2147,2.51797,RV
1.2057,0.0491772,Transit
1.20071,0.0355765,Transit
1.19916,0.034546,Transit
1.19203,0.0372774,Transit
1.18891,2.09454,RV
1.18367,0.0254575,Transit
1.18,0.0303507,Transit
1.17965,1.30958,RV
1.17362,0.0379273,Transit
1.16502,1.03378,RV
1.1614,2.14768,RV
1.15251,0.0508651,Transit
1.15,2.0717,RV
1.1436,0.0309953,RV
1.14357,1.03886,RV
1.13834,0.0850402,Transit
1.14167,1.11312,RV
1.13339,0.0163152,Transit
1.13,0.110366,RV
1.13,0.0341288,Transit
1.12925,1.38575,RV
1.12341,0.0509676,Transit
1.11647,0.538316,RV
1.12,0.0185537,Transit
1.10792,0.0516604,Transit
1.10505,1.15987,RV
1.091,0.0365155,Transit
1.08979,0.0234308,Transit
1.08958,0.0269311,Transit
1.08667,0.555583,RV
1.07139,0.499878,RV
1.0682,0.0381546,Transit
1.0735,0.0485119,Transit
1.07,0.0375112,Transit
1.06828,3.0184,RV
1.068,0.0566534,RV
1.06409,0.225692,RV
1.06215,0.575123,RV
1.05957,0.0523738,Transit
1.05561,0.0407152,Transit
1.05422,0.0497734,Transit
1.05448,3.37558,RV
1.04309,0.0896052,RV
1.04234,0.0575315,Transit
1.0348,0.759258,RV
1.02979,0.0253191,Transit
1.02837,2.72021,RV
1.02109,0.0454854,Transit
1.0245,0.0513517,Transit
1.02004,0.477022,Timing
1.0212,1.23874,RV
1.01746,0.0399686,Transit
1.00657,0.0405459,Transit
1,0.0333991,Transit
1,0.491526,Transit
1,0.0280141,Transit
1,0.0373351,Transit
1,0.167447,Transit
1,0.0486188,Transit
1,0.185532,Transit
1,0.0464979,Transit
1,0.0427479,Transit
1,0.0657911,Transit
1,0.0483406,Transit
1,0.755004,Transit
1,0.117181,Transit
1,0.0261684,Transit
1,0.0342955,Transit
1,0.0517147,Transit
1,0.0406092,Transit
1,0.0542009,Transit
1,0.0413383,Transit
1,0.495205,Transit
1,0.0451413,Transit
1,0.0364828,Transit
1,0.0389008,Transit
1,0.380735,Transit
1,0.0485975,Transit
1,0.0457595,Transit
1,0.0654845,Transit
1,0.038671,Transit
1,0.0442246,Transit
1,0.220045,Transit
1,0.0522499,Transit
1,0.0438587,Transit
1,0.0374388,Transit
1,0.0812822,Transit
1,0.0359649,Transit
1,0.0282249,Transit
1,0.25272,Transit
1,0.223617,Transit
0.984236,0.034488,Transit
0.975461,0.158693,Transit
0.970915,0.0628192,Transit
0.96903,1.48605,RV
0.956204,3.03064,RV
0.957019,0.0621834,Transit
0.956901,4.21377,RV
0.954212,0.0765701,RV
0.951497,0.0810025,RV
0.945722,2.00121,RV
0.95,0.0370185,Transit
0.944758,2.10235,RV
0.940391,0.0295963,Transit
0.937417,0.996347,Transit
0.939101,0.0402101,Transit
0.938774,0.0316765,Transit
0.925037,2.02175,RV
0.925,0.0509243,Transit
0.921566,0.0329796,Transit
0.919279,0.0604573,Transit
0.923754,0.268407,Transit
0.918842,0.040253,Transit
0.91918,0.0401409,Transit
0.918,0.0385203,Transit
0.918464,0.049283,Transit
0.917,0.0588842,RV
0.912932,0.189841,RV
0.908659,0.0312729,Transit
0.907,0.0446486,Transit
0.902075,0.0439208,RV
0.898458,0.0426442,Transit
0.891379,0.0562022,Transit
0.889836,0.0347371,Transit
0.892,0.0452185,Transit
0.889203,0.0477869,Transit
0.887514,0.0534741,Transit
0.883997,0.0361391,Transit
0.880048,0.0906432,Transit
0.877536,0.0432172,Transit
0.875702,1.41961,RV
0.872226,0.037022,Transit
0.865,0.153755,RV
0.862662,0.905726,Transit
0.861516,0.0342627,Transit
0.859095,0.0696866,Transit
0.85708,0.0426946,Transit
0.85,0.0389589,Transit
0.846665,0.0461455,Transit
0.847612,2.12913,RV
0.843564,0.406991,Transit
0.842294,0.0417858,Transit
0.84,0.0948432,Transit
0.837,0.0304899,Transit
0.836882,0.034771,Transit
0.83,0.0356868,Transit
0.830886,2.35317,RV
0.824243,2.41241,RV
0.819064,0.0369523,Transit
0.819484,0.626938,RV
0.81948,0.0318973,Transit
0.80971,1.39638,RV
0.808359,0.0726449,Transit
0.807457,1.65355,RV
0.807031,1.00082,RV
0.807324,2.07477,RV
0.804926,5.82513,RV
0.804012,0.0348186,Transit
0.803263,0.1272,RV
0.801471,0.113377,RV
0.803694,2.02754,RV
0.800254,0.0425775,Transit
0.790506,2.06642,RV
0.786056,0.316151,RV
0.779004,0.0666842,Transit
0.776601,0.0528645,Transit
0.77158,0.0436462,Transit
0.770225,0.0436419,Transit
0.768857,0.359201,RV
0.768085,0.328074,RV
0.757277,0.0512842,Transit
0.76,0.0411908,Transit
0.763256,0.0499317,Transit
0.7621,0.176071,Transit
0.752484,0.0392516,Transit
0.748401,0.756964,RV
0.732711,1.87545,RV
0.73,1.02595,RV
0.730294,2.1118,RV
0.728964,0.0391001,Transit
0.727,2.30386,Microlensing
0.717098,0.0431283,Transit
0.717419,0.0903166,Transit
0.714594,0.192441,RV
0.711088,0.0419042,Transit
0.705734,0.0435518,Transit
0.696016,0.0714194,Transit
0.7,3.5161,RV
0.695276,0.056677,RV
0.696016,0.0481308,Transit
0.698769,0.189213,RV
0.69431,0.0771322,Transit
0.689646,0.047235,RV
0.68665,2.80658,RV
0.685857,0.0465021,Transit
0.68457,1.34724,RV
0.684002,3.56153,RV
0.682196,2.4447,RV
0.6803,0.0525079,Transit
0.675887,0.0386362,Transit
0.674371,0.533637,RV
0.671507,0.0443853,Transit
0.668676,2.23538,RV
0.667539,0.0812267,Transit
0.670098,0.0413137,Transit
0.669277,0.0593858,RV
0.669376,0.0456089,Transit
0.66711,0.0827067,Transit
0.665457,0.044362,Transit
0.662431,0.0571382,Transit
0.664032,0.0399889,Transit
0.658513,0.897549,RV
0.656399,0.0547599,Transit
0.648109,1.70993,RV
0.646927,0.455837,RV
0.643827,0.94038,RV
0.642621,3.70596,Timing
0.641021,0.047362,Transit
0.643816,0.0989169,Transit
0.640416,1.75604,RV
0.639382,0.152945,RV
0.63273,0.049881,Transit
0.627833,0.0433674,Transit
0.623724,0.0392074,RV
0.619839,0.0334746,Transit
0.62047,0.0498148,RV
0.6202,0.060845,Transit
0.623509,0.218045,Transit
0.62,0.0434856,Transit
0.617925,0.122117,RV
0.617485,0.0399488,Transit
0.613081,0.0516466,Transit
0.612168,0.129574,RV
0.608106,3.1288,RV
0.605385,0.056145,Transit
0.596868,0.918027,RV
0.599196,0.0509456,Transit
0.595712,0.0388252,Transit
0.595833,0.0450255,Transit
0.585742,0.0483278,Transit
0.589265,1.18713,RV
0.590076,0.0485382,Transit
0.583282,0.0460506,Transit
0.583354,0.0520747,Transit
0.5806,1.88623,RV
0.578733,0.0484016,Transit
0.57847,0.0473714,Transit
0.571173,0.0532575,Transit
0.566541,0.0368369,Transit
0.567181,0.0465813,Transit
0.564176,0.569755,RV
0.563545,0.0643804,Transit
0.56227,0.0567187,Transit
0.561357,0.0528415,Transit
0.564429,0.476837,Transit
0.559059,0.0468682,Transit
0.564251,0.0774029,Transit
0.551763,0.0344696,Transit
0.55,0.0468733,Transit
0.545774,3.57197,RV
0.542797,0.0499436,Transit
0.543322,0.93961,RV
0.540155,0.0565986,RV
0.539755,0.0436466,Transit
0.542157,0.0681049,Transit
0.542398,0.0405861,Transit
0.542157,0.0387537,Transit
0.537982,0.0617874,Transit
0.537715,2.28335,RV
0.535482,3.02208,RV
0.532369,0.0553326,Transit
0.528122,0.0611041,Transit
0.530158,0.0882385,Transit
0.531485,0.0907551,Transit
0.528573,1.00678,RV
0.52763,0.961227,RV
0.526197,0.0395145,Transit
0.526,0.0449161,Transit
0.52136,0.0428704,Transit
0.515386,0.0545179,Transit
0.512143,0.0531121,Transit
0.5122,0.520765,RV
0.511499,0.0298817,Transit
0.510056,0.042091,RV
0.508547,0.0499354,Transit
0.506039,5.3109,RV
0.504198,1.10806,RV
0.501427,1.26054,RV
0.503122,0.110433,Transit
0.5,0.0505526,Transit
0.5,113.443,Imaging
0.500877,0.0497212,Transit
0.498041,0.126015,Transit
0.496968,0.0547344,Transit
0.493545,0.0289537,Transit
0.493,0.0576688,Transit
0.488198,0.825444,Transit
0.484,0.0590095,Transit
0.480333,0.877542,RV
0.476871,0.0518237,Transit
0.48,0.0453489,Transit
0.479479,0.052477,Transit
0.479329,0.0466223,Transit
0.478455,0.0588578,Transit
0.477325,0.0435743,RV
0.473883,0.0537034,Transit
0.468584,2.69464,RV
0.468448,0.227878,RV
0.462537,0.0496334,Transit
0.461143,0.0521068,RV
0.46004,0.047858,RV
0.457165,0.0271336,Transit
0.452799,0.0479747,RV
0.450523,0.415174,RV
0.437758,0.0622369,Transit
0.431956,0.0556348,Transit
0.430957,0.0450195,Transit
0.43122,0.0794132,Transit
0.430669,0.176696,RV
0.429903,0.0437823,RV
0.424566,0.0403268,Transit
0.41931,0.0517914,Transit
0.41865,0.0532427,Transit
0.416435,0.0673355,Transit
0.410096,0.177758,RV
0.4002,0.0570893,Transit
0.397418,0.057344,RV
0.397195,0.142061,RV
0.395855,0.0404623,RV
0.39615,0.034116,RV
0.390252,0.177066,Transit
0.385706,2.36847,RV
0.384566,0.0362523,RV
0.383964,0.764923,Transit
0.381266,0.0540454,Transit
0.378231,0.0378972,Transit
0.378096,0.0574592,Transit
0.376,0.280101,Timing
0.37199,1.84741,RV
0.372141,0.0783093,Transit
0.368054,0.070273,RV
0.368176,0.476549,RV
0.362167,0.0421448,Transit
0.361471,0.0431325,RV
0.36,0.774655,RV
0.357927,2.10091,RV
0.354314,0.25497,RV
0.352,0.0507459,Transit
0.349418,0.0570646,Transit
0.348285,2.38704,RV
0.346328,0.0715732,RV
0.338157,1.02382,RV
0.333,0.646795,Transit
0.331101,1.20425,RV
0.330171,0.145378,RV
0.328101,0.679166,RV
0.327524,1.28243,RV
0.325341,1.13179,RV
0.319,0.0362414,Transit
0.31667,0.0549549,Transit
0.314805,0.1969,Transit
0.311,0.0599991,Transit
0.305222,0.420795,Transit
0.309149,0.0506843,Transit
0.299893,0.0636824,Transit
0.3,0.0590285,Transit
0.300272,0.0521087,Transit
0.299187,0.302019,RV
0.297735,0.163506,RV
0.296108,0.0469104,RV
0.295018,1.36155,RV
0.292273,0.0466409,Transit
0.294675,0.283321,Transit
0.29,0.091351,Transit
0.284338,0.0485835,Transit
0.284326,0.044951,Transit
0.2755,0.0946483,Transit
0.27467,0.0629198,RV
0.273475,0.0608315,Transit
0.271,4.52773,Microlensing
0.27,0.0577982,Transit
0.268526,0.262717,Transit
0.267569,0.0522992,Transit
0.26689,2.55427,RV
0.259543,0.0452527,Transit
0.259,0.134393,RV
0.257999,0.101407,RV
0.249782,0.576981,Transit
0.249652,0.355656,RV
0.248945,0.140548,Transit
0.245103,0.0655505,RV
0.242991,0.0456587,Transit
0.241296,0.498966,Transit
0.243389,0.121444,Transit
0.237663,0.0542014,Transit
0.232142,0.0511051,RV
0.228975,0.29472,RV
0.227816,0.88883,RV
0.228032,0.0758978,Transit
0.227201,0.0399038,RV
0.224011,0.647542,Transit
0.220004,0.86856,Transit
0.218701,0.0809789,Transit
0.217563,0.736177,Transit
0.216078,0.0633825,Transit
0.212872,0.687282,RV
0.212171,0.270013,RV
0.210804,0.0383737,Transit
0.204677,0.0523044,Transit
0.204061,0.0555523,Transit
0.196739,0.167568,Transit
0.199113,0.0626633,Transit
0.197205,0.0559503,Transit
0.194248,0.138351,Transit
0.18782,0.122418,Transit
0.187149,0.68156,RV
0.186816,0.0573215,Transit
0.185935,0.264333,RV
0.182193,0.503142,Transit
0.184717,0.145024,Transit
0.176652,0.174852,RV
0.172877,0.773567,RV
0.169756,0.152077,RV
0.168671,0.22473,Transit
0.16788,0.71769,RV
0.168248,0.436631,RV
0.167379,0.0574384,Transit
0.165168,0.0450964,Transit
0.164558,0.237305,RV
0.163924,0.173437,Transit
0.164047,0.103131,Transit
0.159251,0.723521,Transit
0.154219,0.736945,Transit
0.149499,1.12814,Transit
0.145803,0.0615039,Transit
0.144903,0.742026,Transit
0.145002,0.073611,Transit
0.139169,0.290481,Transit
0.13832,0.0466748,Transit
0.136415,0.0518657,Transit
0.136066,0.25806,Transit
0.13484,0.502439,Transit
0.131884,1.52377,RV
0.130623,0.378116,Transit
0.130522,0.0452895,Transit
0.127011,0.48628,Transit
0.125283,0.0869107,Transit
0.123778,1.54309,RV
0.124338,0.532115,Transit
0.123396,0.84075,Transit
0.122459,0.0470747,Transit
0.121945,0.572614,Transit
0.119525,0.0401202,Transit
0.12013,0.363536,Transit
0.118744,0.0793434,Transit
0.117824,0.258472,Transit
0.117935,0.0623222,Transit
0.116833,0.0553247,Transit
0.117213,0.347807,Transit
0.115338,0.498476,Transit
0.115399,0.0450089,Transit
0.115399,0.105218,Transit
0.112141,0.288651,Transit
0.112312,0.105428,Transit
0.111491,0.0134503,Transit
0.11109,0.283142,Transit
0.110157,0.195757,Transit
0.108832,0.0343627,Transit
0.108498,0.870478,Transit
0.105771,0.265894,Transit
0.106179,0.121908,RV
0.104473,0.309084,Transit
0.101571,0.0571073,RV
0.101052,0.0596165,Transit
0.101476,0.729773,Transit
0.100676,0.516293,Transit
0.0997116,0.0807898,Transit
0.096,0.107552,Transit
0.100437,0.629412,Transit
0.0982431,0.249018,RV
0.0975428,0.0687315,Transit
0.0980484,0.246993,Transit
0.096608,0.0667693,Transit
0.0961265,0.481226,RV
0.0964436,0.0686885,Transit
0.095206,0.166175,Transit
0.095206,0.256743,Transit
0.0938647,0.214705,Transit
0.0926098,1.03037,RV
0.0923502,0.198299,Transit
0.09114,0.462033,Transit
0.09114,0.0421891,Transit
0.0903378,0.13125,Transit
0.0899033,0.113014,Transit
0.087953,0.071979,Transit
0.0877632,0.64119,Transit
0.0867729,0.0891946,Transit
0.0866591,0.136979,Transit
0.0872267,0.0980725,Transit
0.0867729,0.0509616,Transit
0.0851504,0.0498037,Transit
0.0843442,0.14979,Transit
0.0837774,0.119635,RV
0.0812259,0.165827,Transit
0.0802152,0.124621,Transit
0.0802404,0.0794372,Transit
0.0797893,0.269917,RV
0.0786872,0.0627173,Transit
0.0793989,0.168484,Transit
0.0783692,0.346809,Transit
0.0779976,0.686927,Transit
0.0778032,0.319334,RV
0.0771544,0.195818,RV
0.0768885,0.081813,Transit
0.0772279,0.0455763,Transit
0.0772573,0.0527424,Transit
0.0770689,0.226601,RV
0.0754224,0.0541085,Transit
0.0754224,0.614964,Transit
0.0750581,0.532697,Transit
0.0746947,0.187767,Transit
0.0743252,0.49279,RV
0.0741085,0.143389,RV
0.0739707,0.227107,Transit
0.0736073,1.18358,RV
0.0733215,0.0546218,Transit
0.0729242,0.895669,Transit
0.0726979,0.0287188,RV
0.0726872,0.534239,Transit
0.07231510011972248,0.2692,
0.07166608544405326,0.1131,
0.0723594,0.154139,Transit
0.0715929,0.474527,RV
0.071203,0.0498411,RV
0.0711111,0.537936,Transit
0.0714653,0.0753112,Transit
0.0707577,0.0464443,Transit
0.0710944,0.0913762,Transit
0.0707577,0.0482066,Transit
0.071727,0.187804,Transit
0.069254,0.150571,Transit
0.0690043,0.0444161,Transit
0.0685925,0.386163,Transit
0.0677894,0.0996107,Transit
0.0673813,1.42271,RV
0.0669595,0.135435,RV
0.0668751,0.361757,RV
0.0652266,0.118109,Transit
0.0654095,0.253499,Transit
0.0642153,0.078424,Transit
0.0632121,0.137986,Transit
0.0622185,0.0515012,RV
0.0621296,0.429659,Transit
0.0606674,0.158038,Transit
0.060903,0.0626287,Transit
0.0607789,0.292189,Transit
0.0605767,0.0293274,Transit
0.0596201,0.199823,Transit
0.0592807,1.43442,Transit
0.0589738,0.129216,RV
0.0586489,0.0478684,Transit
0.058,0.165144,RV
0.0581875,0.185574,Transit
0.0580667,0.0522124,RV
0.0583181,0.381801,Transit
0.0576809,0.0739053,Transit
0.0577969,0.254502,Transit
0.0583181,0.221415,Transit
0.057999,0.146743,Transit
0.0573636,0.269138,Transit
0.0565295,0.249855,RV
0.0563373,0.627426,RV
0.0557908,0.0456151,Transit
0.056492,0.808381,Transit
0.0557908,0.423716,Transit
0.055479,0.0883216,Transit
0.0545024,0.118968,Transit
0.0548224,0.087412,Transit
0.0546827,0.0785237,RV
0.0544,0.0752115,Transit
0.0541479,0.189627,Transit
0.054117,0.239656,Transit
0.0537981,0.189725,Transit
0.0541479,0.125503,Transit
0.0537981,0.109294,Transit
0.0531258,0.322307,RV
0.0526382,0.12557,Transit
0.052931,0.102068,Transit
0.0525494,0.170752,Transit
0.0525568,0.0656127,Transit
0.0531048,0.0973508,Transit
0.0525296,0.213825,Transit
0.0515065,0.232191,Transit
0.051622,0.10464,Transit
0.0517963,0.16455,Transit
0.0520795,0.354508,Transit
0.0517963,0.0595534,Transit
0.051651,0.268681,RV
0.0516,0.117171,Transit
0.0509923,0.237122,RV
0.0509774,0.463328,RV
0.0507844,0.228139,RV
0.0503054,0.418342,Transit
0.0503054,0.18441,Transit
0.0504114,0.576836,Transit
0.0500833,0.412251,Transit
0.0495058,0.0930411,Transit
0.0499388,0.235841,Transit
0.0497576,0.146486,Transit
0.0498139,0.0612143,RV
0.0495748,0.405305,Transit
0.0499388,0.0598041,Transit
0.0499019,0.0406125,RV
0.048854,0.299193,Transit
0.0478436,0.339899,Transit
0.0475314,0.0633704,Transit
0.048011,0.18721,Transit
0.0481581,0.443078,Transit
0.0478721,0.0348576,Transit
0.0477376,0.119192,RV
0.0465014,0.104248,Transit
0.0469127,0.233437,Transit
0.0467496,0.141235,Transit
0.045968,0.0851485,Transit
0.0460671,0.318487,Transit
0.0463015,0.0990113,Transit
0.0463015,0.280136,Transit
0.045941,0.0558236,RV
0.0457295,0.161025,Transit
0.0445124,0.410606,Transit
0.0450611,0.271,Transit
0.0453941,0.407808,Transit
0.0448185,0.730436,RV
0.0440093,0.0356088,RV
0.0440759,0.0920746,Transit
0.044402,0.440508,Transit
0.0440759,0.155175,Transit
0.0437521,0.159318,Transit
0.0431113,0.340485,Transit
0.0427893,0.193788,Transit
0.0434306,0.0451092,Transit
0.0425085,0.0380552,Transit
0.0434306,0.252724,Transit
0.0422294,0.180811,Transit
0.0418568,0.133586,Transit
0.0419087,0.0859362,Transit
0.0418568,0.435925,Transit
0.0422294,0.0741975,Transit
0.0421671,0.0696812,Transit
0.0418568,0.123396,Transit
0.0419521,0.101523,Transit
0.0416764,0.0809437,RV
0.0415054,0.0641175,RV
0.0412178,0.335039,RV
0.0412428,0.628803,Transit
0.0409391,0.06755,Transit
0.0406377,0.129431,Transit
0.0412428,0.29908,Transit
0.0409391,1.13739,Transit
0.0409391,0.0509544,Transit
0.0409024,0.102439,Transit
0.0409024,0.304548,Transit
0.0405776,0.0854327,Transit
0.0403249,0.0781034,Transit
0.0403249,0.104337,Transit
0.0397965,0.050784,Transit
0.0397965,0.0352966,Transit
0.0397121,0.113189,Transit
0.0400599,0.112047,Transit
0.0400412,0.228204,Transit
0.0400599,0.203997,Transit
0.0400412,0.130567,Transit
0.0397121,0.0928723,Transit
0.04,3.41991,Microlensing
0.0397121,0.0581375,Transit
0.0397121,0.0902469,Transit
0.0397462,0.645826,Transit
0.0395346,0.269422,Transit
0.0391627,0.0413386,Transit
0.039229,0.333345,RV
0.0385876,0.103618,Transit
0.0385876,0.141962,Transit
0.0392746,0.156968,Transit
0.0385876,0.316103,Transit
0.0392746,0.271796,Transit
0.0388741,0.0619246,Transit
0.0383032,0.223648,Transit
0.038021,0.523825,Transit
0.0377408,0.165833,Transit
0.0383032,0.353488,Transit
0.0382517,0.146522,Transit
0.0383,0.0922129,Transit
0.0375018,0.0730543,Transit
0.0379597,0.140652,Transit
0.0380002,0.169831,Transit
0.0383032,0.392209,Transit
0.0378756,0.0652569,Transit
0.0376549,0.128581,RV
0.0377408,0.134386,Transit
0.03719,0.0784741,Transit
0.0367709,0.185072,RV
0.0365708,0.0712798,RV
0.0360464,0.117702,Transit
0.0363708,0.977788,Transit
0.0355731,0.0299103,Transit
0.0355742,0.263841,Transit
0.0355742,0.147469,Transit
0.0363708,0.160247,Transit
0.035557,0.185524,Transit
0.0350514,0.140655,Transit
0.0350514,0.151882,Transit
0.0350514,0.391589,Transit
0.0351084,0.242421,Transit
0.0345375,0.0674482,Transit
0.0348081,0.0768547,Transit
0.0347934,0.264915,Transit
0.0353405,0.0643964,Transit
0.0347934,0.19332,Transit
0.0346488,0.0685981,Transit
0.034879,0.0386657,RV
0.0345873,0.0927843,RV
0.0345375,0.363183,Transit
0.0345375,0.521537,Transit
0.0345375,0.168131,Transit
0.0340807,0.698075,RV
0.0341063,0.033677,Transit
0.0340314,0.0648523,Transit
0.0344212,0.124722,Transit
0.0340314,0.0673713,Transit
0.0341953,0.176495,Transit
0.0340314,0.189272,Transit
0.0340314,0.116763,Transit
0.0344212,0.28808,Transit
0.0344212,0.569736,Transit
0.0344212,0.373719,Transit
0.0337813,0.211879,Transit
0.0337813,0.070302,Transit
0.0341953,0.157474,Transit
0.0343,0.114456,Timing
0.0340314,0.399998,Transit
0.033876,0.0606753,RV
0.0337611,0.0780677,Transit
0.0335331,0.295668,Transit
0.0335331,0.0617018,Transit
0.0333747,0.216926,RV
0.0332233,0.465624,Transit
0.0330424,0.103068,Transit
0.032872,0.0636703,Transit
0.0330424,0.224449,Transit
0.0327999,0.17109,Transit
0.0325593,0.575052,Transit
0.0330424,0.0704248,Transit
0.0330424,0.11286,Transit
0.0333072,0.231966,Transit
0.0333072,0.212092,Transit
0.0328478,0.111348,Transit
0.0325593,0.24258,Transit
0.0325593,0.0781697,Transit
0.0325593,0.0420086,Transit
0.0320836,0.07255,Transit
0.0318107,0.247055,Transit
0.0320836,0.18795,Transit
0.0323205,0.366455,Transit
0.0318107,0.175473,Transit
0.0318486,0.600611,Transit
0.0318486,0.146374,Transit
0.0318486,0.432008,Transit
0.0316488,0.0781916,RV
0.0316029,0.323142,Transit
0.0313841,0.0587592,Transit
0.0313841,0.0735719,Transit
0.0311545,1.11079,Transit
0.0305853,0.0744302,Transit
0.0305282,0.0986522,Transit
0.0305195,0.127704,Transit
0.0309268,0.133676,Transit
0.0309252,0.179488,Transit
0.0309268,0.048077,Transit
0.0307009,0.206202,Transit
0.0307009,0.569779,Transit
0.0305853,0.0778294,Transit
0.0304768,0.463098,Transit
0.0304768,0.989603,Transit
0.0305282,0.118876,Transit
0.0304768,0.167139,Transit
0.0304768,0.0994208,Transit
0.0302544,0.170471,Transit
0.0302544,0.584174,Transit
0.0299917,0.135013,Transit
0.029598,0.0482761,Transit
0.0302544,0.265793,Transit
0.0300338,0.569703,Transit
0.0300338,0.113114,Transit
0.0303861,0.290701,Transit
0.0303861,0.0645963,Transit
0.0299365,0.221868,Transit
0.0302544,0.373544,Transit
0.0297967,0.0487958,Transit
0.029815,0.062026,Transit
0.029815,0.202661,Transit
0.0296032,0.271972,Transit
0.0296032,0.142982,Transit
0.029598,0.111348,Transit
0.0295756,0.101317,Transit
0.0293826,0.891311,Transit
0.029411,0.246495,Transit
0.0291691,0.139845,Transit
0.0291691,0.987284,Transit
0.0291691,0.112106,Transit
0.0292202,0.353393,Transit
0.0292202,0.161331,Transit
0.0287348,0.0511881,Transit
0.028747,0.148109,Transit
0.0286557,0.205538,Transit
0.0288426,0.0877115,Transit
0.0289572,0.0217143,Transit
0.0290307,0.192408,Transit
0.0290307,0.0640814,Transit
0.0288426,0.161192,Transit
0.0286557,0.235528,Transit
0.028747,0.0284473,Transit
0.028747,0.121097,Transit
0.028747,0.629,Transit
0.028747,0.147513,Transit
0.0285386,0.143439,Transit
0.0285386,0.136122,Transit
0.0285413,1.02111,RV
0.0283318,0.126522,Transit
0.0283318,0.114843,Transit
0.0283318,0.161056,Transit
0.0280968,0.116059,Transit
0.0281036,0.109494,Transit
0.028076,0.132422,RV
0.0281036,0.325549,Transit
0.0281267,0.390823,Transit
0.0281354,0.118715,RV
0.0281267,0.0575639,Transit
0.0275635,0.119895,Transit
0.0281036,0.162163,Transit
0.0282863,0.0527986,Transit
0.0275635,0.281042,Transit
0.0279223,0.217522,Transit
0.0281267,0.0915122,Transit
0.0279223,0.120241,Transit
0.0281267,0.316935,Transit
0.0281036,0.140591,Transit
0.0277215,0.0670648,Transit
0.0277215,0.127324,Transit
0.0279233,0.0619532,Transit
0.0279233,0.0796567,Transit
0.0277215,0.0807229,Transit
0.0277215,0.384289,Transit
0.0275635,0.131447,Transit
0.0275214,0.0801169,Transit
0.0275214,0.386292,Transit
0.0273647,0.0566417,RV
0.0273861,0.214468,Transit
0.027323,0.0878909,Transit
0.027323,0.0670296,Transit
0.0272098,0.0668155,Transit
0.0271261,0.113545,Transit
0.0271261,0.475522,Transit
0.0271261,0.741774,Transit
0.0271261,0.284276,Transit
0.0271261,0.100056,Transit
0.0271261,0.223973,Transit
0.0271261,0.0821845,Transit
0.027035,0.236039,Transit
0.0265182,0.117913,Transit
0.0266892,0.0905121,Transit
0.0271261,0.127487,Transit
0.0273861,0.141525,Transit
0.0271261,0.185149,Transit
0.0269309,0.0610151,Transit
0.0268614,0.245507,Transit
0.0268039,0.0428543,RV
0.0267728,0.117046,Transit
0.0267373,0.213368,Transit
0.0267373,0.270303,Transit
0.0267373,0.471386,Transit
0.0266646,0.0453704,Transit
0.026473,0.267621,Transit
0.0265453,0.140972,Transit
0.0265453,0.451946,Transit
0.0263672,0.0154393,RV
0.0263549,0.0755268,Transit
0.0264312,0.19466,Transit
0.0263549,0.127733,Transit
0.0262555,0.164916,RV
0.0261661,0.0420644,Transit
0.0261661,0.164368,Transit
0.026183,0.0617749,Transit
0.026078,0.118441,Transit
0.0259788,0.0945351,Transit
0.0260126,0.0540172,Transit
0.0263549,0.370933,Transit
0.0256089,0.0789397,Transit
0.0259788,0.0969435,Transit
0.0255184,0.138715,Transit
0.0260126,0.307572,Transit
0.0259969,0.0656822,RV
0.0261659,0.125499,Transit
0.0259788,0.20765,Transit
0.0258466,0.229287,Transit
0.0260126,0.490824,Transit
0.0257931,0.185207,Transit
0.0257931,0.382908,Transit
0.0257931,0.515367,Transit
0.0258466,0.0355986,Transit
0.0258466,0.123078,Transit
0.0257931,0.169505,Transit
0.0258466,0.130568,Transit
0.0257473,0.127856,Transit
0.0256819,0.0623799,Transit
0.0256089,0.0417873,Transit
0.0256089,0.448737,Transit
0.0256089,0.390903,Transit
0.0256089,0.043728,Transit
0.0256089,0.210888,Transit
0.0256089,0.115768,Transit
0.025489,0.128401,Transit
0.0254263,0.0795658,Transit
0.0254263,0.519687,Transit
0.025337,0.142931,Transit
0.0252452,0.627489,Transit
0.0252452,0.152252,Transit
0.025195,0.0643363,Transit
0.0252452,0.0656375,Transit
0.0252452,0.144301,Transit
0.0252452,0.28584,Transit
0.0251535,0.109809,Transit
0.0252452,0.120507,Transit
0.0252452,0.0874713,Transit
0.0252452,0.181834,Transit
0.0250657,0.101967,Transit
0.0250657,0.150552,Transit
0.0250657,0.204059,Transit
0.0248763,0.146843,Transit
0.0253561,0.0536941,Transit
0.0252452,0.0589428,Transit
0.025195,0.0882572,Transit
0.0249941,0.136705,Transit
0.0247188,0.114376,Transit
0.0248402,0.113438,RV
0.0247188,0.224576,Transit
0.0247111,0.307074,Transit
0.0247111,0.153888,Transit
0.0247111,0.0608921,Transit
0.024739,0.0796373,RV
0.0247111,0.263744,Transit
0.0246907,0.104299,Transit
0.0245625,0.0433417,Transit
0.0245625,0.12769,Transit
0.0245625,0.0553921,Transit
0.0245625,0.0673847,Transit
0.024536,0.20001,Transit
0.024536,0.127527,Transit
0.024536,0.239214,Transit
0.0245229,0.119982,Transit
0.024536,0.369378,Transit
0.0243824,0.470207,RV
0.0244074,0.557119,Transit
0.0244232,0.135169,Transit
0.0243624,0.272969,Transit
0.0243624,0.108362,Transit
0.0242535,0.195273,Transit
0.0241903,0.0890998,Transit
0.0241903,0.119195,Transit
0.0241903,0.0466887,Transit
0.0241903,0.115101,Transit
0.0241007,0.52792,Transit
0.0244074,0.373844,Transit
0.0240196,0.440295,Transit
0.0236865,0.345324,Transit
0.0240196,0.375175,Transit
0.0240196,0.0328963,Transit
0.0240196,0.618691,Transit
0.0240044,0.0635202,RV
0.0244074,0.140842,Transit
0.0236121,0.105496,Transit
0.0240196,0.126633,Transit
0.0240196,0.037917,Transit
0.0236491,0.0790333,Transit
0.0240196,0.0778725,Transit
0.0240196,0.143067,Transit
0.0240196,0.182625,Transit
0.0240196,0.274559,Transit
0.0235009,0.223972,Transit
0.0239491,0.117153,Transit
0.0238786,0.19394,RV
0.0238504,0.102064,Transit
0.0238504,0.132223,Transit
0.0238504,0.246742,Transit
0.0239033,0.0600137,RV
0.0239491,0.13337,Transit
0.0238504,0.0949095,Transit
0.0238504,0.439185,Transit
0.0237984,0.258138,Transit
0.0236826,0.0665428,Transit
0.0236826,0.0372128,Transit
0.0236826,0.148827,Transit
0.0237331,0.0800943,RV
0.0235009,0.135451,Transit
0.0235163,0.0314856,Transit
0.0235009,0.15002,Transit
0.0235163,0.153993,Transit
0.0235163,0.101821,Transit
0.0235009,0.105752,Transit
0.0233514,0.173489,Transit
0.0233514,0.0855774,Transit
0.0233538,0.139343,Transit
0.0233514,0.151158,Transit
0.0233514,0.0609811,Transit
0.0232079,0.420626,Transit
0.0232079,0.126914,Transit
0.0231879,0.148956,Transit
0.0232079,0.189511,Transit
0.0231879,0.208178,Transit
0.0231879,0.113697,Transit
0.0230631,0.209877,Transit
0.0230257,0.192248,Transit
0.0229933,0.146332,RV
0.022635,0.0911035,Transit
0.0229193,0.26808,Transit
0.0230941,0.072684,Transit
0.0233176,0.0905953,Transit
0.0230631,0.0518456,Transit
0.0229683,0.154764,Transit
0.0234642,0.0932375,Transit
0.0230257,0.254946,Transit
0.0229193,0.0887283,Transit
0.0227766,0.090395,Transit
0.0227766,0.196459,Transit
0.0227057,0.0750455,Transit
0.0227057,0.352794,Transit
0.0227057,0.122141,Transit
0.0227057,0.0907073,Transit
0.0227057,0.220779,Transit
0.0227057,0.0998849,Transit
0.0226759,0.0962142,Transit
0.0227057,0.5527,Transit
0.022635,0.0910907,Transit
0.0226353,0.281824,Transit
0.022635,0.0964797,Transit
0.0225477,0.0752791,Transit
0.0224877,0.0608369,RV
0.0225477,0.406917,Transit
0.0225477,0.513692,Transit
0.0223911,0.0923527,Transit
0.0223911,0.610956,Transit
0.0223552,0.301339,Transit
0.0223911,0.0796733,Transit
0.0223552,0.128062,Transit
0.0223911,0.264783,Transit
0.0224237,0.0588328,Transit
0.0223911,0.103659,Transit
0.0223552,0.0702822,Transit
0.0222358,0.170669,Transit
0.0222358,0.07692,Transit
0.0222358,0.552567,Transit
0.0221881,0.0286881,RV
0.0221838,0.128069,Transit
0.0222358,0.0645109,Transit
0.0222358,0.268995,Transit
0.0222358,0.481868,Transit
0.0222358,0.161485,Transit
0.0220818,0.170628,Transit
0.0220818,0.218278,Transit
0.0220818,0.0510769,Transit
0.0220818,0.111023,Transit
0.0220818,0.165053,Transit
0.0224607,0.0598092,Transit
0.0222169,0.216407,Transit
0.022,0.0447299,Transit
0.0222169,0.050414,Transit
0.0218083,0.288618,Transit
0.0220797,0.109272,Transit
0.022,0.0788018,Transit
0.0218083,0.127191,Transit
0.0224946,0.20564,Transit
0.0222169,0.217013,Transit
0.0223552,0.170712,Transit
0.0216742,0.0682408,Transit
0.0218083,0.128672,Transit
0.0223552,0.0690438,Transit
0.0219292,0.136873,Transit
0.0219292,0.282775,Transit
0.0219292,0.0590575,Transit
0.0219292,0.216804,Transit
0.021778,0.587421,Transit
0.0218083,0.10246,Transit
0.0218083,0.0946763,Transit
0.021778,0.297893,Transit
0.021778,0.048527,Transit
0.021778,0.0718867,Transit
0.021778,0.101644,Transit
0.021778,0.252883,Transit
0.0216742,0.186396,Transit
0.021628,0.266647,Transit
0.021628,0.0663298,Transit
0.021628,0.423643,Transit
0.021628,0.0866835,Transit
0.021628,0.0801106,Transit
0.021628,0.0878919,Transit
0.021628,0.0364157,Transit
0.021628,0.172447,Transit
0.0215859,0.0951314,Transit
0.0215524,0.125354,RV
0.0214793,0.12272,Transit
0.0214793,0.0563265,Transit
0.0215411,0.0925387,Transit
0.0214793,0.149715,Transit
0.0214793,0.487186,Transit
0.0214793,0.0543472,Transit
0.0214793,0.176326,Transit
0.0215411,0.0708347,Transit
0.0215411,0.144132,Transit
0.0214237,0.0685234,Transit
0.0214091,0.260742,Transit
0.0213319,0.299693,Transit
0.0213319,0.23121,Transit
0.0213319,0.191192,Transit
0.0212781,0.0712147,Transit
0.0213319,0.0512901,Transit
0.0213319,0.135465,Transit
0.0213319,0.22955,Transit
0.0213319,0.12941,Transit
0.0213319,0.0553537,Transit
0.0212781,0.129538,Transit
0.0213319,0.0505771,Transit
0.0212781,0.136253,Transit
0.0213284,0.19095,Transit
0.0212289,0.0874937,Transit
0.0211858,0.167537,Transit
0.0211468,0.0800702,RV
0.0207641,0.13095,Transit
0.0213883,0.0909691,Transit
0.0210409,0.0468593,Transit
0.0208911,0.106865,Transit
0.0210192,0.0796077,Transit
0.0210192,0.15349,Transit
0.0210409,0.141438,Transit
0.0210409,0.0973596,Transit
0.0206381,0.0897811,Transit
0.0210192,0.122502,Transit
0.0210192,0.0349126,Transit
0.0210192,0.219317,Transit
0.0208973,0.0466872,Transit
0.0208973,0.48095,Transit
0.0208973,0.0918185,Transit
0.0208973,0.0543959,Transit
0.0208973,0.146166,Transit
0.0208973,0.160616,Transit
0.020855,0.0465952,RV
0.0208911,0.178021,Transit
0.0208973,0.114939,Transit
0.0208973,0.260643,Transit
0.0208911,0.0846204,Transit
0.0208911,0.221179,Transit
0.020755,0.0318315,Transit
0.0208189,0.205364,Transit
0.0208339,0.122878,Transit
0.0207641,0.325506,Transit
0.0208212,0.0892579,RV
0.020755,0.0893266,Transit
0.020755,0.172254,Transit
0.0206139,0.0797776,Transit
0.0206139,0.254302,Transit
0.0206139,0.0821049,Transit
0.0206139,0.169412,Transit
0.0206139,0.122576,Transit
0.0206139,0.0935706,Transit
0.0206381,0.38452,Transit
0.020474,0.078486,Transit
0.020474,0.204258,Transit
0.0205131,0.0749207,Transit
0.020474,0.102896,Transit
0.0205131,0.213635,Transit
0.0205131,0.198382,Transit
0.020474,0.069764,Transit
0.020474,0.0317534,Transit
0.020474,0.672832,Transit
0.0205131,0.0421675,Transit
0.020474,0.235594,Transit
0.020474,0.230006,Transit
0.0203863,0.243344,Transit
0.0204069,0.0445373,Transit
0.0203801,0.155066,RV
0.0203507,0.0143253,Transit
0.0202659,0.123783,Transit
0.0202659,0.369989,Transit
0.0202659,0.17147,Transit
0.0203354,0.120447,Transit
0.0203354,0.155326,Transit
0.0203354,0.0291019,Transit
0.0201979,0.225432,Transit
0.0201979,0.262112,Transit
0.0201979,0.231343,Transit
0.0201979,0.31971,Transit
0.0201979,0.0849622,Transit
0.0201979,0.127028,Transit
0.0201979,0.538652,Transit
0.0201979,0.156872,Transit
0.0201979,0.217045,Transit
0.0201979,0.0955953,Transit
0.0201366,0.67057,Timing
0.0200617,0.30753,Transit
0.0200617,0.508596,Transit
0.0200617,0.0561729,Transit
0.019544,0.070282,Transit
0.0200181,0.0629202,RV
0.0201438,0.106878,Transit
0.0192003,0.154824,Transit
0.0200225,0.115842,Transit
0.0200225,0.254528,Transit
0.020389,0.0994986,Transit
0.0195472,0.184825,Transit
0.0202381,0.105629,Transit
0.0200225,0.118208,Transit
0.020389,0.102029,Transit
0.019783,0.170666,Transit
0.0200225,0.118876,Transit
0.0196646,0.138108,Transit
0.0199792,0.0361437,Transit
0.0202381,0.07889,Transit
0.0199094,0.0597996,Transit
0.0199266,0.076064,Transit
0.0199023,0.283685,Transit
0.0199023,0.151991,Transit
0.0199266,0.0436851,Transit
0.0197927,0.07385,Transit
0.019783,0.436563,Transit
0.0197987,0.08911,RV
0.019783,0.287238,Transit
0.01966,0.238093,Transit
0.01966,0.272889,Transit
0.01966,0.122745,Transit
0.01966,0.100456,Transit
0.01966,0.0915102,Transit
0.01966,0.218893,Transit
0.0196646,0.355666,Transit
0.01966,0.143843,Transit
0.01966,0.157366,Transit
0.0196646,0.422434,Transit
0.0195285,0.0502867,Transit
0.0195285,0.243116,Transit
0.0195285,0.443519,Transit
0.0195285,0.11183,Transit
0.0195472,0.226833,Transit
0.0195285,0.179399,Transit
0.0195472,0.240693,Transit
0.0195285,0.0396151,Transit
0.0194307,0.0634611,Transit
0.019398,0.130853,Transit
0.019398,0.108438,Transit
0.019398,0.0738933,Transit
0.019398,0.140349,Transit
0.0192688,0.137663,Transit
0.0192688,1.19049,Transit
0.0192688,0.359829,Transit
0.019315,0.063917,Transit
0.0192918,0.0533524,Transit
0.01935,0.0500668,Transit
0.0192688,0.137136,Transit
0.0192688,0.601409,Transit
0.019315,0.131044,Transit
0.019315,0.264081,Transit
0.019315,0.0600193,Transit
0.0192003,0.170313,Transit
0.0191242,0.0889028,Transit
0.0190864,0.184674,Transit
0.0191406,0.125668,Transit
0.0191406,0.164164,Transit
0.0191406,0.188407,Transit
0.0191406,0.0505272,Transit
0.0191406,0.109579,Transit
0.0190864,0.0625614,Transit
0.0190136,0.122792,Transit
0.0194307,0.0689878,Transit
0.0186,0.183622,Timing
0.0190136,0.0318646,Transit
0.0185304,0.275493,Transit
0.0185304,0.142858,Transit
0.0192896,0.0871504,Transit
0.0188372,0.153688,Transit
0.0185071,0.0800144,Transit
0.0188614,0.0783205,Transit
0.019315,0.0596916,Transit
0.0189734,0.112199,Transit
0.019315,0.401368,Transit
0.019315,0.256083,Transit
0.0188877,0.0437251,Transit
0.0188614,0.207581,Transit
0.0188877,0.181954,Transit
0.0188614,0.0813349,Transit
0.0188877,0.259117,Transit
0.0188614,0.203039,Transit
0.0189,0.272969,Transit
0.0188877,0.0902152,Transit
0.0187628,0.0657805,Transit
0.0187628,0.0554099,Transit
0.0187628,0.0479468,Transit
0.0187628,0.0504222,Transit
0.0186391,0.0991034,Transit
0.0186399,0.0844802,Transit
0.0186391,0.0842697,Transit
0.0186391,0.146185,Transit
0.0186399,0.254259,Transit
0.0186399,0.124306,Transit
0.0185304,0.182918,Transit
0.0185165,0.0634219,Transit
0.0185165,0.0538618,Transit
0.0185165,0.0271739,Transit
0.0183949,0.107866,Transit
0.0184218,0.387942,Transit
0.0183949,0.121899,Transit
0.0183949,0.0747518,Transit
0.0184193,0.0208066,RV
0.0183949,0.0861587,Transit
0.0183949,0.118853,Transit
0.0183949,0.079369,Transit
0.0184218,0.192566,Transit
0.0183949,0.0395795,Transit
0.0184218,0.0657332,Transit
0.0182743,0.253589,Transit
0.0183345,0.848513,Transit
0.0182743,0.0626755,Transit
0.0182743,0.0962449,Transit
0.0182743,0.174156,Transit
0.0183139,0.0916828,Transit
0.0182069,0.0689299,Transit
0.0181548,0.125924,Transit
0.0181548,0.166307,Transit
0.0181548,0.261363,Transit
0.0181548,0.131197,Transit
0.0181548,0.0885967,Transit
0.0181548,0.274894,Transit
0.0182069,0.147443,Transit
0.0181548,0.312713,Transit
0.0181548,0.284051,Transit
0.0181548,0.059689,Transit
0.0181548,0.107239,Transit
0.0181548,0.270063,Transit
0.0181986,0.0580371,RV
0.0181548,0.174358,Transit
0.0181548,0.175021,Transit
0.0182069,0.0506571,Transit
0.0181548,0.0877495,Transit
0.0181548,0.159985,Transit
0.0181548,0.03015,Transit
0.0182069,0.123186,Transit
0.0181548,0.0863273,Transit
0.0181771,0.0214313,Transit
0.0181548,0.146649,Transit
0.0181008,0.080928,Transit
0.0180684,0.0738763,Transit
0.0180364,0.103279,Transit
0.0179955,0.0949212,Transit
0.0178911,0.0422983,Transit
0.0177874,0.106632,Transit
0.0177874,0.145838,Transit
0.0178911,0.0541452,Transit
0.0179955,0.0401669,Transit
0.0181008,0.0949568,Transit
0.0184218,0.0990643,Transit
0.0180364,0.295466,Transit
0.0179955,0.0732442,Transit
0.0179955,0.148181,Transit
0.0183139,0.206443,Transit
0.0178911,0.0506781,Transit
0.0179955,0.0762713,Transit
0.0176845,0.0794582,Transit
0.0183139,0.144846,Transit
0.017919,0.0633282,Transit
0.0178911,0.0629312,Transit
0.017919,0.124667,Transit
0.0178911,0.0558662,Transit
0.0178911,0.0926511,Transit
0.0178911,0.164238,Transit
0.017919,0.187771,Transit
0.0178026,0.115577,Transit
0.0178026,0.106598,Transit
0.0177875,0.558942,Transit
0.0178026,0.106621,Transit
0.0177874,0.101225,Transit
0.0176872,0.220101,Transit
0.0176872,0.0645018,Transit
0.0176845,0.108723,Transit
0.0176872,0.0903224,Transit
0.0176872,0.0763472,Transit
0.0176872,0.28916,Transit
0.0176679,0.0778907,Transit
0.0176872,0.196353,Transit
0.0176872,0.12007,Transit
0.0175728,0.120607,Transit
0.0175728,0.273799,Transit
0.0175824,0.14444,Transit
0.0175728,0.0527478,Transit
0.0174811,0.108599,Transit
0.0174594,0.0334052,Transit
0.0174811,0.0570224,Transit
0.0175432,0.0914762,Transit
0.0174594,0.136148,Transit
0.0174594,0.058171,Transit
0.0174951,0.0504277,RV
0.0174594,0.0826512,Transit
0.0174811,0.0988375,Transit
0.0173806,0.309155,Transit
0.0173806,0.196363,Transit
0.0173469,0.118345,Transit
0.0173469,0.119927,Transit
0.0173469,0.122297,Transit
0.0173469,0.116684,Transit
0.0173469,0.0383568,Transit
0.0173469,0.401332,Transit
0.0173469,0.125745,Transit
0.0172808,0.143477,Transit
0.0173469,0.0897541,Transit
0.0172355,0.394192,Transit
0.0172355,0.08295,Transit
0.0172355,0.0898835,Transit
0.0172355,0.169908,Transit
0.0171819,0.182449,Transit
0.0172355,0.121794,Transit
0.0172355,0.148265,Transit
0.0171819,0.0598621,Transit
0.0172355,0.238842,Transit
0.0172355,0.0668402,Transit
0.0171819,0.247015,Transit
0.0172355,0.0457701,Transit
0.0172355,0.0608391,Transit
0.0172355,0.376527,Transit
0.017125,0.0794218,Transit
0.017125,0.363618,Transit
0.017125,0.243384,Transit
0.017125,0.0525035,Transit
0.017125,0.186659,Transit
0.0170837,0.201514,Transit
0.017125,0.102343,Transit
0.0170837,0.124721,Transit
0.0170837,0.150603,Transit
0.017125,0.0970652,Transit
0.0173,2.72349,Microlensing
0.0170154,0.149206,Transit
0.0171819,0.100501,Transit
0.0169862,0.119932,Transit
0.0169862,0.117052,Transit
0.0172808,0.0726807,Transit
0.0168894,0.106526,Transit
0.0170154,0.633688,Transit
0.0172607,0.0750769,Transit
0.0170154,0.101697,Transit
0.0169862,0.23162,Transit
0.0170154,0.166753,Transit
0.0169649,0.0666108,RV
0.0171819,0.0759843,Transit
0.0169862,0.0964303,Transit
0.0167934,0.120683,Transit
0.0170154,0.17004,Transit
0.0170169,0.080381,Transit
0.0169862,0.11685,Transit
0.0171819,0.23273,Transit
0.0170154,0.129335,Transit
0.0170154,0.119888,Transit
0.016585,0.202122,Transit
0.0169068,0.126093,Transit
0.0168896,0.594654,Transit
0.0168894,0.27496,Transit
0.0169068,0.100994,Transit
0.0168894,0.111181,Transit
0.0168702,0.104565,Transit
0.0168894,0.256426,Transit
0.0167991,0.12255,Transit
0.0167991,0.318069,Transit
0.0167934,0.0600513,Transit
0.0168,0.0716678,RV
0.0167756,0.0729238,RV
0.0167991,0.093804,Transit
0.0167934,0.0719945,Transit
0.0167934,0.0437311,Transit
0.0166923,0.487197,Transit
0.016749,0.162542,RV
0.0166981,0.251922,Transit
0.0166923,0.33316,Transit
0.0166923,0.167165,Transit
0.0166923,0.267315,Transit
0.0166923,0.305198,Transit
0.0165864,0.191967,Transit
0.0165864,0.199129,Transit
0.0166036,0.196107,Transit
0.0165864,0.0402889,Transit
0.0165864,0.0730539,Transit
0.0165864,0.187138,Transit
0.0165942,0.0845828,Transit
0.0165098,0.12048,Transit
0.0165128,0.0520435,Transit
0.0164814,0.185365,Transit
0.0164814,0.185991,Transit
0.0165098,0.112418,Transit
0.0165098,0.151731,Transit
0.0164862,0.0073058,Transit
0.0165326,0.127016,Transit
0.0165098,0.245953,Transit
0.0164814,0.0908478,Transit
0.0165098,0.0779794,Transit
0.0165098,0.0664249,Transit
0.0164167,0.771174,Transit
0.0163828,0.119778,Transit
0.0163773,1.08768,Transit
0.0163773,0.223437,Transit
0.0163773,0.0769351,Transit
0.0163773,0.0832577,Transit
0.0163243,0.131719,Transit
0.0162741,0.1083,Transit
0.0162741,0.0591446,Transit
0.0162741,0.0304915,Transit
0.0162741,0.140653,Transit
0.0162741,0.205066,Transit
0.0163243,0.0931334,Transit
0.0163432,0.0561474,Transit
0.0162741,0.0690513,Transit
0.0162741,0.105904,Transit
0.0162741,0.174066,Transit
0.0162741,0.0829006,Transit
0.0162741,0.0777748,Transit
0.0162741,0.102591,Transit
0.0162325,0.0596111,Transit
0.0161718,0.224301,Transit
0.0161718,0.0916134,Transit
0.0161718,0.217913,Transit
0.0161718,0.418658,Transit
0.0160511,0.0959074,Transit
0.0160703,0.128317,Transit
0.0160703,0.129582,Transit
0.0160511,0.29988,Transit
0.0160703,0.098283,Transit
0.0160511,0.256031,Transit
0.0160511,0.0668458,Transit
0.0161415,0.235751,Transit
0.016075,0.05006,RV
0.0160511,0.0441473,Transit
0.0160703,0.125617,Transit
0.0160511,0.063479,Transit
0.0155228,0.0611582,Transit
0.0159697,0.0607809,Transit
0.0155228,0.165872,Transit
0.0155688,0.212191,Transit
0.0159697,0.183885,Transit
0.0163243,0.132661,Transit
0.0155228,0.144457,Transit
0.0159697,0.111358,Transit
0.0159697,0.0759488,Transit
0.0159616,0.286604,Transit
0.0156092,0.0728812,Transit
0.0163986,0.0588891,Transit
0.0161415,0.0455136,Transit
0.0160339,0.257458,Transit
0.0157841,0.0889821,Transit
0.015593,0.0626016,Transit
0.0161415,0.121047,Transit
0.015593,0.0630945,Transit
0.0157841,0.0893308,Transit
0.0160511,0.104915,Transit
0.0164915,0.0825598,Transit
0.0159697,0.13761,Transit
0.0158698,0.0992806,Transit
0.0158698,0.0797661,Transit
0.0158698,0.0821396,Transit
0.0158724,0.0821165,Transit
0.0158698,0.350774,Transit
0.0158724,0.183794,Transit
0.0158698,0.084658,Transit
0.0158724,0.0968462,Transit
0.0158698,0.230681,Transit
0.0159354,0.056382,Transit
0.0158698,0.36301,Transit
0.015891,0.0181491,Transit
0.0158724,0.0707769,Transit
0.0157709,0.0826682,Transit
0.0157709,0.068804,Transit
0.0157709,0.154009,Transit
0.0157841,0.0566234,Transit
0.0157709,0.237086,Transit
0.0157709,0.134445,Transit
0.0157709,0.158582,Transit
0.0157841,0.127912,Transit
0.0157709,0.129482,Transit
0.0157709,0.100206,Transit
0.0157709,0.108427,Transit
0.0156727,0.103391,Transit
0.0156727,0.0703422,Transit
0.0156727,0.186962,Transit
0.0156727,0.328211,Transit
0.0156727,0.239949,Transit
0.0156727,0.0804858,Transit
0.0156727,0.231978,Transit
0.0155754,0.0557286,Transit
0.0155754,0.0449621,Transit
0.0156092,0.0884004,Transit
0.0155754,0.060394,Transit
0.0155754,0.157968,Transit
0.0154788,0.123667,Transit
0.0154788,0.294564,Transit
0.0154788,0.0265264,Transit
0.0154788,0.265992,Transit
0.0154788,0.0658684,Transit
0.0155228,0.0641261,Transit
0.0154788,0.131797,Transit
0.0154788,0.0737068,Transit
0.0155133,0.0780146,Transit
0.0154788,0.667299,Transit
0.0154788,0.143629,Transit
0.0154788,0.0639541,Transit
0.015383,0.294279,Transit
0.015383,0.113663,Transit
0.015383,0.109153,Transit
0.015383,0.1432,Transit
0.015383,0.093078,Transit
0.015383,0.638509,Transit
0.015383,0.200444,Transit
0.015288,0.259379,Transit
0.0152673,0.176201,Transit
0.015288,0.0705758,Transit
0.015254,0.0666347,Transit
0.015288,0.0866604,Transit
0.015288,0.0794059,Transit
0.0151834,0.0889716,Transit
0.0151834,0.0720527,Transit
0.0151834,0.0894244,Transit
0.0151938,0.0560993,Transit
0.0151834,0.100165,Transit
0.0151834,0.102192,Transit
0.0151834,0.144489,Transit
0.0151003,0.0172109,Transit
0.0151,0.229818,Transit
0.0151003,0.230686,Transit
0.0146122,0.0783802,Transit
0.0151,0.398184,Transit
0.015437,0.0789575,Transit
0.015142,0.0907017,Transit
0.0150076,0.0900599,Transit
0.0151,0.0948224,Transit
0.0148535,0.0557436,Transit
0.0145328,0.10708,Transit
0.0152673,0.0623606,Transit
0.0149351,0.147681,Transit
0.0149563,0.136086,Transit
0.0147725,0.116354,Transit
0.014692,0.144324,Transit
0.014692,0.238241,Transit
0.0150172,0.0802786,Transit
0.0147725,0.0899174,Transit
0.014692,0.0517683,Transit
0.0150076,0.237227,Transit
0.0150076,0.205268,Transit
0.0145328,0.145651,Transit
0.015437,0.0945195,Transit
0.0149156,0.0976622,Transit
0.0149156,0.119053,Transit
0.0149156,0.0578859,Transit
0.0148535,0.0995717,Transit
0.0148535,0.0795006,Transit
0.0149156,0.143967,Transit
0.0149351,0.159296,Transit
0.0148877,0.0387273,Transit
0.0147699,0.0676835,Transit
0.0148244,0.11898,Transit
0.0148244,0.0470338,Transit
0.0148244,0.116915,Transit
0.0147725,0.0596222,Transit
0.0147725,0.165407,Transit
0.0148244,0.0923273,Transit
0.0147725,0.067463,Transit
0.0147725,0.162691,Transit
0.0147338,0.0776648,Transit
0.0147338,0.0868408,Transit
0.0147338,0.0426707,Transit
0.0147338,0.0635655,Transit
0.0147338,0.120657,Transit
0.0147338,0.12926,Transit
0.014692,0.126325,Transit
0.0147338,0.0714529,Transit
0.0147338,0.109729,Transit
0.0147338,0.0257374,Transit
0.0147338,0.0885238,Transit
0.0147338,0.132431,Transit
0.014692,0.0313162,Transit
0.0147338,0.0860862,Transit
0.0147338,0.0374071,Transit
0.0147338,0.270431,Transit
0.0147338,0.0320163,Transit
0.014644,0.0396104,Transit
0.0145548,0.0976404,Transit
0.014644,0.15594,Transit
0.014644,0.0487927,Transit
0.0145548,0.035933,Transit
0.014644,0.22494,Transit
0.0145548,0.0780663,Transit
0.0145548,0.100445,Transit
0.0144664,0.167635,Transit
0.0144664,0.0827454,Transit
0.0144664,0.114781,Transit
0.014454,0.103986,Transit
0.014454,0.17279,Transit
0.0144664,0.10143,Transit
0.0145328,0.137602,Transit
0.0144664,0.408538,Transit
0.0144664,0.0575745,Transit
0.0144664,0.146229,Transit
0.0144664,0.0619218,Transit
0.0144664,0.251269,Transit
0.014454,0.0936962,Transit
0.014454,0.113583,Transit
0.0143786,0.174668,Transit
0.0143757,0.215129,Transit
0.0143757,0.124035,Transit
0.0143786,0.118258,Transit
0.0142915,0.111331,Transit
0.0142915,0.116085,Transit
0.0142915,0.180967,Transit
0.0142824,0.0167573,Transit
0.014298,0.0585134,Transit
0.014205,0.159872,Transit
0.0142208,0.137805,Transit
0.0142208,0.157953,Transit
0.014205,0.0430893,Transit
0.014205,0.0546451,Transit
0.0142208,0.140675,Transit
0.014205,0.0993188,Transit
0.014205,0.0551406,Transit
0.014205,0.170393,Transit
0.0141192,0.0369521,Transit
0.014144,0.104852,Transit
0.0141192,0.0832447,Transit
0.014034,0.0803909,Transit
0.014034,0.0552213,Transit
0.0139795,0.0749015,Transit
0.0138423,0.0624544,Transit
0.014034,0.113375,Transit
0.014034,0.315387,Transit
0.0140679,0.139463,Transit
0.0140379,0.115423,Transit
0.0136211,0.179022,Transit
0.014034,0.12495,Transit
0.014034,0.1187,Transit
0.0139171,0.227355,Transit
0.014034,0.0375418,Transit
0.0136944,0.133112,Transit
0.0139171,0.293358,Transit
0.014034,0.0399419,Transit
0.0135364,0.10281,Transit
0.0139923,0.147733,Transit
0.0135483,0.0679912,Transit
0.014454,0.0751093,Transit
0.014,0.0171898,Transit
0.014034,0.232959,Transit
0.0135483,0.202153,Transit
0.014034,0.0569124,Transit
0.0139923,0.18282,Transit
0.014034,0.436075,Transit
0.0139923,0.0641159,Transit
0.0138656,0.143703,Transit
0.0138656,0.246197,Transit
0.0139171,0.208459,Transit
0.0138656,0.0979318,Transit
0.0139495,0.0604111,Transit
0.0138656,0.0510655,Transit
0.0138656,0.139726,Transit
0.0139495,0.0590906,Transit
0.0138656,0.11018,Transit
0.0138423,0.138056,Transit
0.0137681,0.222312,Transit
0.0137822,0.34156,Transit
0.0137822,0.0560063,Transit
0.0137822,0.787843,Transit
0.0137822,0.0396806,Transit
0.0137111,0.0652526,RV
0.0136944,0.0705628,Transit
0.0136995,0.165763,Transit
0.0136995,0.231951,Transit
0.0136995,0.0315668,Transit
0.0136944,0.119323,Transit
0.0136945,0.353207,Transit
0.0136174,0.0883024,Transit
0.0136174,0.0757275,Transit
0.0136174,0.169257,Transit
0.0136211,0.0820605,Transit
0.0136211,0.0979073,Transit
0.0136174,0.3493,Transit
0.0135483,0.138343,Transit
0.0135305,0.321369,Timing
0.0135358,0.15495,Transit
0.0135358,0.130519,Transit
0.0134548,0.116158,Transit
0.0134548,0.0468266,Transit
0.0135358,0.0570591,Transit
0.0135483,0.130814,Transit
0.0135483,0.0608066,Transit
0.0135358,0.154149,Transit
0.0135358,0.241134,Transit
0.0135358,0.0802514,Transit
0.0135484,0.441345,Transit
0.013476,0.106481,Transit
0.0134548,0.0624727,Transit
0.013404,0.0812396,Transit
0.0133743,0.0823755,Transit
0.0133743,0.103048,Transit
0.013404,0.400986,Transit
0.0133743,0.0838281,Transit
0.0133743,0.0424409,Transit
0.013404,0.0502736,Transit
0.0133743,0.107432,Transit
0.0133743,0.0746694,Transit
0.0133325,0.0646392,Transit
0.0132944,0.151698,Transit
0.0133325,0.108876,Transit
0.0133325,0.0564705,Transit
0.0132944,0.119224,Transit
0.0132614,0.396968,Transit
0.0132151,0.131614,Transit
0.0132151,0.0448876,Transit
0.0132151,0.0927369,Transit
0.0131908,0.114613,Transit
0.0131908,0.170262,Transit
0.0131908,0.310961,Transit
0.0131362,0.557231,Transit
0.0131362,0.2596,Transit
0.0130508,0.0349155,Transit
0.0130579,0.0492454,Transit
0.0130579,0.178579,Transit
0.0130579,0.0435391,Transit
0.0131362,0.126015,Transit
0.0131362,0.0743561,Transit
0.0130579,0.0429791,Transit
0.0130508,0.185669,Transit
0.0130508,0.117265,Transit
0.0130579,0.361423,Transit
0.0131362,0.0471986,Transit
0.0131206,0.325944,Transit
0.0130508,0.108963,Transit
0.0130687,0.125003,RV
0.0130611,0.056688,RV
0.0131362,0.110239,Transit
0.0130508,0.0565776,Transit
0.0130579,0.142675,Transit
0.0131362,0.0539414,Transit
0.0130508,0.168498,Transit
0.0130582,0.0499846,RV
0.0130579,0.391079,Transit
0.0129679,0.0507499,Transit
0.0129124,0.177529,Transit
0.0125062,0.079115,Transit
0.0127076,0.117713,Transit
0.0132614,0.0281967,Transit
0.0129124,0.112331,Transit
0.0127076,0.0832604,Transit
0.0129814,0.0791285,Transit
0.0129801,0.021472,Transit
0.0129028,0.4757,Transit
0.0131908,0.1055,Transit
0.012573,0.0783507,Transit
0.0125754,0.0366865,Transit
0.0130508,0.0468277,Transit
0.0131908,0.0650321,Transit
0.0129801,0.331234,Transit
0.0129801,0.0466196,Transit
0.0129801,0.139869,Transit
0.0129801,0.188012,Transit
0.0129801,0.0786582,Transit
0.0129124,0.205969,Transit
0.0129071,0.0468927,RV
0.0129124,0.112713,Transit
0.0129124,0.326561,Transit
0.0129124,0.280567,Transit
0.0129,0.366575,Transit
0.0129028,0.126801,Transit
0.0129028,0.0743387,Transit
0.0129028,0.0720524,Transit
0.0129028,0.0396148,Transit
0.0129028,0.11345,Transit
0.0129028,0.170989,Transit
0.0128259,0.0837217,Transit
0.0128331,0.0677431,Transit
0.0128437,0.351296,Transit
0.0127755,0.0320006,Transit
0.0128437,0.0413591,Transit
0.0128259,0.0580906,Transit
0.0128259,0.0493278,Transit
0.0127755,0.113517,Transit
0.0127755,0.0912341,Transit
0.0127496,0.043027,Transit
0.0127496,0.0234342,Transit
0.0126737,0.263981,Transit
0.0126737,0.0851117,Transit
0.0126737,0.0674219,Transit
0.0127496,0.433249,Transit
0.0127496,0.0808904,Transit
0.0127496,0.0705457,Transit
0.0127496,0.11512,Transit
0.0127496,0.0276021,Transit
0.0127496,0.0290724,Transit
0.0126737,0.061725,Transit
0.0127496,0.174395,Transit
0.0126737,0.0181392,Transit
0.0126737,0.0954693,Transit
0.0126737,0.117226,Transit
0.0126737,0.251,Transit
0.0126737,0.0556094,Transit
0.0125983,0.0165366,Transit
0.0126401,0.115746,Transit
0.0125754,0.148945,Transit
0.0125983,0.0415217,Transit
0.0126299,0.709354,Transit
0.012573,0.0857785,Transit
0.0126,0.379271,Transit
0.0125983,0.188086,Transit
0.0125754,0.107059,Transit
0.0125983,0.0712451,Transit
0.0126401,0.0388408,Transit
0.0125983,0.10078,Transit
0.0125754,0.10603,Transit
0.0125983,0.0771394,Transit
0.0125233,0.0570521,Transit
0.0125233,0.0194926,Transit
0.0125233,0.0282874,Transit
0.0125062,0.0742116,Transit
0.0125062,0.189342,Transit
0.0125233,0.0794128,Transit
0.0125233,0.0581708,Transit
0.0125233,0.195344,Transit
0.0125062,0.0752686,Transit
0.0125233,0.022851,Transit
0.0124487,0.03114,Transit
0.0124487,0.044079,Transit
0.0124487,0.183527,Transit
0.0124263,0.0807438,Transit
0.0124487,0.078449,Transit
0.0124487,0.112305,Transit
0.0124487,0.100207,Transit
0.0124263,0.0946205,Transit
0.0124487,0.283792,Transit
0.0124263,0.0488263,Transit
0.0124263,0.0744983,Transit
0.0124263,0.047906,Transit
0.0124263,0.0472783,Transit
0.0124263,0.0228923,Transit
0.0124263,0.0363506,Transit
0.0124487,0.0679911,Transit
0.0124263,0.0684849,Transit
0.0124263,0.138326,Transit
0.0124263,0.0197027,Transit
0.0124263,0.0135188,Transit
0.0123746,0.121659,Transit
0.0124487,0.167934,Transit
0.0123746,0.0923741,Transit
0.0124263,0.083574,Transit
0.0123966,0.0532027,Transit
0.0123736,0.0513038,Transit
0.0124263,0.0131638,Transit
0.0123746,0.0370047,Transit
0.0123746,0.146114,Transit
0.0123736,0.0520493,Transit
0.0123746,0.0508228,Transit
0.0123008,0.0776941,Transit
0.0123086,0.0938169,Transit
0.0123008,0.032467,Transit
0.0123086,0.0720019,Transit
0.0123078,0.144671,Transit
0.0123086,0.0335877,Transit
0.0123008,0.0819289,Transit
0.0123086,0.0544926,Transit
0.0123008,0.147232,Transit
0.0123008,0.19765,Transit
0.0123008,0.142864,Transit
0.0122719,0.416595,Timing
0.0121773,0.0436956,Transit
0.0121773,0.0266925,Transit
0.0121773,0.568939,Transit
0.0121546,0.177259,Transit
0.0122275,0.0355594,Transit
0.0122275,0.0154128,Transit
0.0121773,0.197812,Transit
0.0122275,0.0235482,Transit
0.0121546,0.071869,Transit
0.0121773,0.0382833,Transit
0.0121546,0.0495271,Transit
0.0122275,0.0580264,Transit
0.0122275,0.090566,Transit
0.0122424,0.0848304,Transit
0.0121546,0.035902,Transit
0.0121773,0.152976,Transit
0.0121773,0.0544864,Transit
0.0121773,0.385778,Transit
0.0121773,0.145668,Transit
0.0121546,0.0398578,Transit
0.0121546,0.103027,Transit
0.0121546,0.0207092,Transit
0.0121473,0.0427173,Transit
0.0121546,0.0311079,Transit
0.0121124,0.0498841,Transit
0.0120821,0.0820733,Transit
0.0121297,0.0462676,Transit
0.0120821,0.0524304,Transit
0.0121124,0.0455761,Transit
0.0121297,0.0125101,Transit
0.0120821,0.225667,Transit
0.0121124,0.0475233,Transit
0.0121297,0.0584627,Transit
0.0120821,0.112404,Transit
0.0121124,0.0522529,Transit
0.0121297,0.122862,Transit
0.0121297,0.127283,Transit
0.0120821,0.114152,Transit
0.0121297,0.181042,Transit
0.0120821,0.134576,Transit
0.0121124,0.0511769,Transit
0.0120821,0.48075,Transit
0.0120821,0.0799721,Transit
0.0120821,0.100833,Transit
0.0120821,0.0337676,Transit
0.0120821,0.0198513,Transit
0.0120099,0.0645763,Transit
0.0119197,0.0783155,Transit
0.0123078,0.103323,Transit
0.0120099,0.447475,Transit
0.0119837,0.0724716,Transit
0.0117926,0.168189,Transit
0.0120479,0.0356868,Transit
0.012,0.328137,Transit
0.0120099,0.022904,Transit
0.0120453,0.0723886,Transit
0.0115417,0.100488,Transit
0.0123736,0.0935225,Transit
0.0117855,0.0978933,Transit
0.0119894,0.0337968,Transit
0.0120099,0.0802343,Transit
0.0120099,0.113973,Transit
0.0120453,0.032015,Transit
0.0120453,0.0428881,Transit
0.0119837,0.284166,Transit
0.0121773,0.13334,Transit
0.0122424,0.0432887,Transit
0.0123736,0.065318,Transit
0.0117855,0.0401325,Transit
0.0120099,0.102351,Transit
0.0119837,0.0429776,Transit
0.0120453,0.038467,Transit
0.0120479,0.086925,Transit
0.0117855,0.11269,Transit
0.0115417,0.0518266,Transit
0.0124398,0.0317043,Transit
0.011856,0.103505,Transit
0.011856,0.0539702,Transit
0.0115953,0.0942979,Transit
0.0120099,0.0800056,Transit
0.0120099,0.0184246,Transit
0.0119381,0.0205641,Transit
0.0119197,0.0367817,Transit
0.0119381,0.0177185,Transit
0.0119381,0.161835,Transit
0.011856,0.0270005,Transit
0.0118667,0.0718111,Transit
0.0118667,0.060873,Transit
0.0119381,0.227343,Transit
0.011856,0.0921796,Transit
0.0119381,0.124555,Transit
0.0118667,0.0439026,Transit
0.011856,0.0747146,Transit
0.0119381,0.0340815,Transit
0.0118667,0.0458416,Transit
0.011856,0.0920376,Transit
0.011856,0.0332158,Transit
0.0117956,0.0462418,Transit
0.0117956,0.0185737,Transit
0.0118373,0.0869078,Transit
0.0118373,0.0681491,Transit
0.0117511,0.0323795,Transit
0.0117855,0.0413536,Transit
0.0118373,0.0447079,Transit
0.0117956,0.678637,Transit
0.0118373,0.0576393,Transit
0.0117956,0.028082,Transit
0.0117926,0.043745,Transit
0.0118373,0.0469031,Transit
0.0117956,0.195581,Transit
0.0117926,0.153051,Transit
0.0117295,0.0848919,Transit
0.0117248,0.1064,Transit
0.0117295,0.0801996,Transit
0.0116666,0.0312733,Transit
0.0116666,0.0640717,Transit
0.0116544,0.0526772,Transit
0.0116544,0.207594,Transit
0.0117295,0.120974,Transit
0.0117295,0.0542304,Transit
0.0117248,0.050347,Transit
0.0116544,0.123985,Transit
0.0117248,0.0594394,Transit
0.0117248,0.0409318,Transit
0.0116544,0.115827,Transit
0.0116666,0.0655142,Transit
0.0117295,0.0269045,Transit
0.0116666,0.137369,Transit
0.0116666,0.0423212,Transit
0.0116544,0.0126273,Transit
0.0116475,0.0852473,Transit
0.011604,0.0542683,Transit
0.0115843,0.0835695,Transit
0.011604,0.205786,Transit
0.0115843,0.0161473,Transit
0.0115843,0.0315297,Transit
0.011604,0.0625553,Transit
0.0115843,0.0464624,Transit
0.011604,0.0488289,Transit
0.011604,0.134468,Transit
0.011604,0.170638,Transit
0.0115843,0.194499,Transit
0.0115843,0.0912977,Transit
0.0115843,0.120351,Transit
0.0115145,0.0124913,Transit
0.0115291,0.243919,Transit
0.0115494,0.117439,Transit
0.0115145,0.0159282,Transit
0.0115494,0.110556,Transit
0.0115145,0.0435619,Transit
0.0115494,0.0551696,Transit
0.0115145,0.0982303,Transit
0.0115494,0.0366252,Transit
0.0115494,0.117442,Transit
0.0115494,0.045182,Transit
0.0115291,0.131115,Transit
0.0115417,0.043316,Transit
0.0115145,0.13168,Transit
0.0113953,0.260405,RV
0.0112762,0.0461345,Transit
0.0112658,0.03437,Transit
0.0112689,0.15366,Transit
0.0112658,0.0426422,Transit
0.0112658,0.0497719,Transit
0.0112658,0.153931,Transit
0.0112762,0.174808,Transit
0.0112658,0.0285538,Transit
0.0112762,0.125606,Transit
0.0111695,0.0260305,Transit
0.0109866,0.0642857,Transit
0.0109866,0.134547,Transit
0.0109866,0.148883,Transit
0.0110268,0.0469467,Transit
0.0109866,0.0743912,Transit
0.0109866,0.104704,Transit
0.0107897,0.139784,Transit
0.0109866,0.119407,Transit
0.0110268,0.0811044,Transit
0.0109866,0.131467,Transit
0.0109866,0.0522506,Transit
0.0107805,0.0969854,Transit
0.0107805,0.098218,Transit
0.0107805,0.0527522,Transit
0.0107805,0.043221,Transit
0.0108155,0.0889562,RV
0.0107805,0.0473476,Transit
0.0107839,0.0188775,Transit
0.0107805,0.116434,Transit
0.0107116,0.139053,Transit
0.0107116,0.0511944,Transit
0.0107116,0.0249783,Transit
0.0107116,0.0172977,Transit
0.0107116,0.0608017,Transit
0.0106941,0.036125,Transit
0.0107116,0.0222195,Transit
0.0107116,0.0218627,Transit
0.0107116,0.0131437,Transit
0.0107116,0.0291497,Transit
0.0105382,0.0351719,Transit
0.0104938,0.0820805,RV
0.010538,0.0324953,Transit
0.010538,0.220686,Transit
0.010538,0.103296,Transit
0.010538,0.0481157,Transit
0.010538,0.081426,Transit
0.010441,0.0609548,Transit
0.010441,0.131737,Transit
0.010441,0.0916253,Transit
0.0102988,0.0987232,Transit
0.0101747,0.0527894,Transit
0.0101747,0.013815,Transit
0.0101747,0.0279245,Transit
0.0101747,0.0473895,Transit
0.0101747,0.0381652,Transit
0.0101747,0.0146558,Transit
0.0101747,0.0795638,Transit
0.0101747,0.0496255,Transit
0.0101747,0.0478522,Transit
0.0101747,0.0543655,Transit
0.0101747,0.161019,Transit
0.0101747,0.0914589,Transit
0.0101747,0.0427433,Transit
0.0100631,0.174723,Transit
0.0100631,0.106855,Transit
0.0100631,0.142937,Transit
0.0100631,0.0404491,Transit
0.0100631,0.0276391,Transit
0.0100631,0.0604835,Transit
0.00958673,0.102457,Transit
0.00999738,0.0320135,Transit
0.00991268,0.0809151,Transit
0.00991268,0.0213603,Transit
0.00991268,0.0756444,Transit
0.00991268,0.162992,Transit
0.00991268,0.0936589,Transit
0.00991268,0.0539434,Transit
0.00991268,0.0184414,Transit
0.00983076,0.0570545,Transit
0.00965491,0.0194186,Transit
0.00965491,0.0438974,Transit
0.00965491,0.0455165,Transit
0.00965491,0.0141581,Transit
0.00965491,0.122255,Transit
0.00965491,0.121485,Transit
0.00965491,0.0568739,Transit
0.00960182,0.167766,Transit
0.00960182,0.0716875,Transit
0.00960182,0.0550302,Transit
0.00960182,0.0567577,Transit
0.00960182,0.0574921,Transit
0.00960182,0.118353,Transit
0.00937625,0.0539767,Transit
0.00937625,0.11603,Transit
0.00940137,0.080701,Transit
0.00940137,0.0495281,Transit
0.00937625,0.0744278,Transit
0.00940137,0.312498,Transit
0.00940137,0.0453661,Transit
0.00934866,0.0860831,Transit
0.00915403,0.0747634,Transit
0.00915206,0.0575502,Transit
0.00915403,0.0419025,Transit
0.00915403,0.105463,Transit
0.00915206,0.0521389,Transit
0.00915403,0.104341,Transit
0.00905232,0.15417,RV
0.00910315,0.0911013,RV
0.00912437,0.106909,Transit
0.00890695,0.054326,Transit
0.00890695,0.0714831,Transit
0.00890695,0.0736811,Transit
0.00893492,0.0809409,Transit
0.00890695,0.0370474,Transit
0.00890695,0.0162176,Transit
0.00890695,0.0352283,Transit
0.00893492,0.0511438,Transit
0.00893492,0.0841819,Transit
0.0089295,0.0783624,RV
0.00881646,0.087995,RV
0.00866602,0.0940811,Transit
0.00871939,0.0448402,Transit
0.00866602,0.100137,Transit
0.00866602,0.168494,Transit
0.00871939,0.0504957,Transit
0.00866602,0.0379647,Transit
0.00871939,0.0681548,Transit
0.00871939,0.134093,Transit
0.00866602,0.0288756,Transit
0.00866602,0.0509367,Transit
0.00857506,0.0555527,Transit
0.00850717,0.0612399,Transit
0.00850717,0.108539,Transit
0.00850717,0.204929,Transit
0.00850717,0.0705863,Transit
0.00842926,0.0888549,Transit
0.00842926,0.0203817,Transit
0.00839448,0.0476476,RV
0.00842926,0.284837,Transit
0.00842926,0.0406211,Transit
0.00829825,0.0603792,Transit
0.00829825,0.0361317,Transit
0.00829825,0.0914719,Transit
0.00829825,0.0799685,Transit
0.00819664,0.113504,Transit
0.00819664,0.0531529,Transit
0.00819664,0.049588,Transit
0.00819664,0.0201315,Transit
0.00819664,0.0518363,Transit
0.00819664,0.0327047,Transit
0.00819664,0.0607742,Transit
0.00819664,0.01281,Transit
0.00819664,0.104553,Transit
0.00809262,0.0373252,Transit
0.00814901,0.0534149,Transit
0.00809285,0.386141,Transit
0.00809262,0.0904732,Transit
0.00796813,0.0746773,Transit
0.00796813,0.325551,Transit
0.00796813,0.427921,Transit
0.00796813,0.245986,Transit
0.00796813,0.0894717,Transit
0.00796813,0.0310798,Transit
0.00796813,0.0854126,Transit
0.00796813,0.116229,Transit
0.00796813,0.154158,Transit
0.00796813,0.0349411,Transit
0.00789025,0.0648349,Transit
0.00789025,0.0556186,Transit
0.00789025,0.0637947,Transit
0.00789025,0.11698,Transit
0.00792721,0.163806,Transit
0.00789025,0.130735,Transit
0.00789025,0.0640044,Transit
0.00789025,0.250899,Transit
0.00780644,0.0297443,RV
0.00769114,0.107672,Transit
0.00774372,0.0199578,Transit
0.00774372,0.0221208,Transit
0.00769114,0.105697,Transit
0.00774372,0.0401985,Transit
0.00769114,0.209361,Transit
0.00769114,0.0592083,Transit
0.00774372,0.0663906,Transit
0.00769114,0.0368224,Transit
0.00774372,0.11193,Transit
0.00769114,0.0400468,Transit
0.00769114,0.028229,Transit
0.00774372,0.0356726,Transit
0.00774372,0.101981,Transit
0.00761024,0.0394192,Transit
0.00749504,0.129058,Transit
0.00752338,0.0285532,Transit
0.00752338,0.0522416,Transit
0.00752338,0.0359389,Transit
0.00749504,0.0574402,Transit
0.00752338,0.0576676,Transit
0.00752338,0.0907946,Transit
0.00752338,0.0820438,Transit
0.00752338,0.0761616,Transit
0.00752338,0.226767,Transit
0.00730709,0.0363405,Transit
0.00730709,0.0423228,Transit
0.00730238,0.22049,Transit
0.00730709,0.0658558,Transit
0.00730709,0.0169132,Transit
0.00730709,0.0480157,Transit
0.00730709,0.152944,Transit
0.00723031,0.250413,Transit
0.00711292,0.0514597,Transit
0.00709482,0.0540966,Transit
0.00711292,0.0286627,Transit
0.00709482,0.036038,Transit
0.00711292,0.0858179,Transit
0.00709482,0.0600079,Transit
0.00709482,0.0139284,Transit
0.00709482,0.0726189,Transit
0.00711292,0.0649112,Transit
0.00688654,0.044761,Transit
0.00692663,0.0675669,Transit
0.00692663,0.0771364,Transit
0.00688654,0.0277394,Transit
0.00688654,0.0190889,Transit
0.00688654,0.0398164,Transit
0.00688654,0.0530392,Transit
0.00688654,0.0650994,Transit
0.00688654,0.0161327,Transit
0.00688654,0.0979413,Transit
0.00674351,0.101608,Transit
0.00668223,0.0790483,Transit
0.00674351,0.0758501,Transit
0.00668223,0.0820512,Transit
0.00672298,0.121623,Transit
0.00674351,0.168293,Transit
0.00668223,0.0616673,Transit
0.00668223,0.023292,Transit
0.00668223,0.0143082,Transit
0.00674351,0.0419466,Transit
0.00656354,0.0914787,Transit
0.00661,0.248169,Transit
0.00656354,0.0504476,Transit
0.00656354,0.0586548,Transit
0.00656354,0.0710671,Transit
0.00648186,0.0493183,Transit
0.00648186,0.026927,Transit
0.00648186,0.0366691,Transit
0.00648186,0.015239,Transit
0.00648186,0.0541184,Transit
0.00648186,0.0733316,Transit
0.00648186,0.0289045,Transit
0.00648186,0.226831,Transit
0.00648186,0.054174,Transit
0.00648186,0.0475122,Transit
0.00648186,0.036849,Transit
0.00638668,0.0718296,Transit
0.00638668,0.0444944,Transit
0.00638668,0.0805377,Transit
0.00636705,0.0574114,Transit
0.00628541,0.0994127,Transit
0.00628541,0.0702913,Transit
0.00628541,0.0345893,Transit
0.00621274,0.0289196,Transit
0.00621274,0.163783,Transit
0.00621274,0.193962,Transit
0.00621274,0.125984,Transit
0.00621274,0.127997,Transit
0.00613456,0.028459,RV
0.00609283,0.0313094,Transit
0.00609283,0.0596031,Transit
0.00609283,0.0508063,Transit
0.00609283,0.0475302,Transit
0.00609283,0.0420065,Transit
0.00609283,0.0330793,Transit
0.00609283,0.0627651,Transit
0.00609283,0.0338227,Transit
0.00609283,0.0624428,Transit
0.00609283,0.017386,Transit
0.00608135,0.0374757,RV
0.00604207,0.0929448,Transit
0.00602351,0.0822829,Transit
0.00604207,0.0693352,Transit
0.00597804,0.0914497,Transit
0.00577478,0.212021,Transit
0.00590412,0.0544938,Transit
0.00585,0.00914662,Transit
0.00587447,0.122591,Transit
0.00587447,0.106224,Transit
0.00587447,0.0495511,Transit
0.00590412,0.0246365,Transit
0.00590412,0.116802,Transit
0.00590412,0.036989,Transit
0.00587447,0.0789926,Transit
0.00590412,0.0208123,Transit
0.00576565,0.320082,Transit
0.00576851,0.0196594,RV
0.00571923,0.0414509,Transit
0.0057099,0.0932453,Transit
0.0057099,0.148198,Transit
0.0057099,0.0658943,Transit
0.00574989,0.0860714,Transit
0.00571923,0.0504666,Transit
0.0057099,0.066017,Transit
0.0057099,0.0700163,Transit
0.00572025,0.0576393,RV
0.00571923,0.0140554,Transit
0.00553813,0.126784,Transit
0.00553813,0.0237976,Transit
0.00554835,0.111718,Transit
0.00554835,0.0870905,Transit
0.00554835,0.0768541,Transit
0.00554835,0.0698236,Transit
0.00553813,0.18671,Transit
0.00554835,0.09757,Transit
0.00553813,0.0372774,Transit
0.00553813,0.0248451,Transit
0.00554835,0.278143,Transit
0.00553813,0.119208,Transit
0.00554835,0.133985,Transit
0.00538981,0.160305,Transit
0.0053608,0.0625366,Transit
0.0053608,0.0839169,Transit
0.0053608,0.0237986,Transit
0.0053608,0.088103,Transit
0.0054082,0.0673941,RV
0.0053608,0.119364,Transit
0.0053608,0.016702,Transit
0.00538981,0.0487448,Transit
0.00538981,0.113307,Transit
0.0053608,0.110538,Transit
0.0053608,0.228998,Transit
0.0053608,0.018714,Transit
0.0052796,0.0153263,Transit
0.00518721,0.0190938,Transit
0.00518721,0.0932443,Transit
0.00518721,0.0326929,Transit
0.00518721,0.0233115,Transit
0.00523423,0.0587074,Transit
0.00523423,0.206247,Transit
0.00518721,0.0796726,Transit
0.00518721,0.0675681,Transit
0.00518721,0.13139,Transit
0.00518721,0.0324471,Transit
0.00508144,0.0758257,Transit
0.00508144,0.0271381,Transit
0.00508144,0.151444,Transit
0.00508144,0.0941898,Transit
0.00501732,0.0378236,Transit
0.00501732,0.126673,Transit
0.00485109,0.0247968,Transit
0.00493175,0.046094,Transit
0.00485109,0.048585,Transit
0.00485109,0.116835,Transit
0.00493175,0.0704356,Transit
0.00485109,0.0558238,Transit
0.00485109,0.046104,Transit
0.00493175,0.0994132,Transit
0.00485109,0.188549,Transit
0.00485109,0.0769479,Transit
0.00478497,0.0715337,Transit
0.00468851,0.0890131,Transit
0.00468851,0.0784501,Transit
0.00468851,0.0507142,Transit
0.00468851,0.0786193,Transit
0.00468851,0.116426,Transit
0.00464108,0.0720317,Transit
0.00464108,0.0524333,Transit
0.00464108,0.0806883,Transit
0.00452953,0.0247723,Transit
0.00450004,0.0505253,Transit
0.00450004,0.0429455,Transit
0.00450004,0.0382537,Transit
0.00452953,0.104497,Transit
0.00452953,0.0804377,Transit
0.00452953,0.0614878,Transit
0.00450004,0.248874,Transit
0.004436,0.0496746,RV
0.00436179,0.0659546,Transit
0.00436179,0.110364,Transit
0.00441201,0.103167,Transit
0.00437411,0.0263938,Transit
0.00436179,0.156426,Transit
0.00437411,0.0674338,Transit
0.00436191,0.171702,Transit
0.00437411,0.0409325,Transit
0.00437411,0.0209702,Transit
0.00436179,0.0607596,Transit
0.00437411,0.0465276,Transit
0.00422638,0.0365246,Transit
0.00422638,0.192925,Transit
0.00422224,0.0546708,Transit
0.00422224,0.0185879,Transit
0.00422224,0.0224212,Transit
0.00422224,0.0435651,Transit
0.00421308,0.392576,Transit
0.00422638,0.163234,Transit
0.00422224,0.0894052,Transit
0.00422224,0.0328337,Transit
0.00408697,0.0498583,Transit
0.00407386,0.0192274,Transit
0.00409374,0.0933838,Transit
0.00407386,0.102102,Transit
0.00409374,0.0432285,Transit
0.00396389,0.125596,Transit
0.00396389,0.0351175,Transit
0.00396389,0.124244,Transit
0.00396389,0.0434366,Transit
0.00392895,0.0205657,Transit
0.00392895,0.0492984,Transit
0.00392895,0.0200865,Transit
0.00392895,0.0483728,Transit
0.0038720518146814213,0.2841,
0.00378747,0.361924,Transit
0.00374866,0.0364676,RV
0.00371234,0.0566146,Transit
0.00370062,0.0378277,Transit
0.00369455,0.0482823,RV
0.00364938,0.0607231,Transit
0.00364938,0.150343,Transit
0.00364938,0.0118373,Transit
0.00364938,0.0190745,Transit
0.00364938,0.116773,Transit
0.00364938,0.182381,Transit
0.003637,0.0157578,Transit
0.003612,0.0466967,Transit
0.00359635,0.027645,RV
0.00363755,0.0352682,Transit
0.00364938,0.0433296,Transit
0.00364938,0.169395,Transit
0.00364938,0.0388448,Transit
0.00359062,0.0335097,Transit
0.00354639,0.0418506,RV
0.00351465,0.0513318,Transit
0.00351465,0.0149794,Transit
0.00347154,0.0770446,Transit
0.00351465,0.059158,Transit
0.00338324,0.0726835,Transit
0.00338324,0.0242164,Transit
0.00338324,0.0153823,Transit
0.00325512,0.0699509,Transit
0.00325512,0.0525427,Transit
0.00325512,0.047981,Transit
0.00325512,0.106453,Transit
0.00324127,0.0588339,Transit
0.00324127,0.0719854,Transit
0.00324127,0.0299991,Transit
0.00324127,0.0701869,Transit
0.0032,0.0115051,Transit
0.00323095,0.137859,Transit
0.00313024,0.0353774,Transit
0.00313003,0.061711,Transit
0.00313003,0.0812393,Transit
0.00313003,0.0313231,Transit
0.00313024,0.0745798,Transit
0.00307976,0.0208968,RV
0.00301515,0.0706613,Transit
0.0030088,0.0996817,Transit
0.0030088,0.0461241,Transit
0.00302153,0.0860552,Transit
0.0030088,0.0443634,Transit
0.00302153,0.0273702,Transit
0.00302153,0.0992436,Transit
0.002938,0.0383799,Transit
0.00289089,0.146844,Transit
0.00291583,0.0743912,Transit
0.00291583,0.0598046,Transit
0.00289089,0.0600955,Transit
0.0028129,0.0619291,Transit
0.00277643,0.0269307,Transit
0.00277643,0.0435026,Transit
0.00271267,0.180985,Transit
0.00266535,0.0373628,Transit
0.00266535,0.053514,Transit
0.00266535,0.0275857,Transit
0.00266535,0.0650345,Transit
0.00269275,0.0182725,Transit
0.00266535,0.0318579,Transit
0.00266535,0.125346,Transit
0.00255759,0.0983673,Transit
0.00255759,0.0307775,Transit
0.00245309,0.0532751,Transit
0.00252018,0.115973,Transit
0.00245309,0.0344721,Transit
0.002429,0.0291683,Transit
0.0024278187365781505,0.0138,
0.0024278187365781505,0.034,
0.00235177,0.0339456,Transit
0.00235177,0.114954,Transit
0.00235177,0.0702714,Transit
0.00235177,0.0603302,Transit
0.00234218,0.0155735,RV
0.00233796,0.0461525,Transit
0.00225358,0.0765054,Transit
0.00225358,0.187949,Transit
0.00225059,0.0499821,Transit
0.00225358,0.0317279,Transit
0.00215846,0.116755,Transit
0.00216566,0.050338,Transit
0.00215846,0.0557932,Transit
0.00215846,0.0225817,Transit
0.00215846,0.018961,Transit
0.00215846,0.0763129,Transit
0.00208313,0.168262,Transit
0.00206633,0.0360472,Transit
0.00206633,0.0771045,Transit
0.00206485,0.00482158,Transit
0.00197713,0.0159157,Transit
0.00195073,0.165339,Transit
0.00197713,0.040381,Transit
0.00192504,0.0304113,Transit
0.00192504,0.0631426,Transit
0.00192504,0.0588746,Transit
0.00192504,0.101652,Transit
0.00189081,0.0308432,Transit
0.00189081,0.0263353,Transit
0.00189081,0.0412688,Transit
0.00189081,0.0658388,Transit
0.00189081,0.0151449,Transit
0.00189081,0.0283971,Transit
0.00189081,0.0156331,Transit
0.00189081,0.0291727,Transit
0.0018073,0.0136874,Transit
0.0018073,0.0223609,Transit
0.0018073,0.0230742,Transit
0.0018073,0.0632508,Transit
0.0018494,0.0928099,Transit
0.00175601,0.063351,Transit
0.00172655,0.0564501,Transit
0.00172655,0.0336073,Transit
0.00172655,0.0193089,Transit
0.00172655,0.0430059,Transit
0.00170474,0.109844,Transit
0.00170474,0.0911742,Transit
0.00164848,0.0415895,Transit
0.00157306,0.119784,Transit
0.00157306,0.0159542,Transit
0.0015002,0.0469983,Transit
0.00150361,0.0356743,Transit
0.00144064,0.0698175,Transit
0.00144019,0.0657994,Transit
0.00143611,0.0130732,Transit
0.00142986,0.0142447,Transit
0.00142986,0.0336339,Transit
0.00142986,0.0346536,Transit
0.00142986,0.0375152,Transit
0.00137963,0.05062,Transit
0.00137963,0.0422619,Transit
0.00136198,0.0573666,Transit
0.00129651,0.0692091,Transit
0.00129651,0.050083,Transit
0.00129651,0.0160522,Transit
0.00129651,0.0349032,Transit
0.00129651,0.0554927,Transit
0.00129651,0.0585387,Transit
0.00129651,0.0607115,Transit
0.00126334,0.108535,Transit
0.00123338,0.0183692,Transit
0.00123338,0.0122438,Transit
0.00123338,0.0494161,Transit
0.00123338,0.0504566,Transit
0.00123338,0.0284953,Transit
0.00120877,0.0718902,Transit
0.0012042,0.0112809,Transit
0.00111394,0.0479144,Transit
0.00111394,0.0303322,Transit
0.00111394,0.161123,Transit
0.00111394,0.0568105,Transit
0.00111394,0.0762521,Transit
0.00108547,0.0813861,Transit
0.00105753,0.0445351,Transit
0.00105258,0.124744,Transit
0.00104144,0.0617089,Transit
0.00100422,0.0744222,Transit
0.00100422,0.0629914,Transit
0.000957504,0.0443423,Transit
0.000951027,0.0426259,Transit
0.000954523,0.00585017,Transit
0.0009344,0.0222009,Transit
0.00090084,0.018261,Transit
0.000852625,0.0233196,Transit
0.00082692,0.184331,Transit
0.000806332,0.034023,Transit
0.000786457,0.041677,Transit
0.00075757,0.0847193,Transit
0.000761911,0.0424359,Transit
0.000699655,0.0366405,Transit
0.000639382,0.0163913,Transit
0.000639382,0.0389169,Transit
0.000601957,0.0297109,Transit
0.000499273,0.0849527,Transit
0.000499273,0.0151311,Transit
0.000404706,0.0150222,Transit
0.000377818,0.0698427,Transit
0.000340205,0.0601536,Transit
0.000287933,0.0226485,Transit
0.000273258,0.0489676,Transit
0.00021,0.074609,Transit
0.000134008,0.0419153,Transit
0.0000629267,0.168494,Timing
0,0.0551367,Transit
0,0.0562894,Transit
0.00189081,0.0433594,Transit
